county_code,establishment_id,inspection_id,inspection_date,establishment_name,street_address,city,zip,state_id,establishment_type,score,grade,inspector_id
57,,,1/10/2026,STAR TACO,18 N. MAIN ST,MARSHALL,28753,1057010194,1 - Restaurant,98.0,A,2380
35,,,1/14/2026,JR'S WOODFIRED PIZZA,217 TAYLOR RD,LOUISBURG,27549,4035030053,3 - Mobile Food,100.0,A,2293
15,,,1/16/2026,BELCROSS BISCUIT COMPANY,269 E. HWY,158 CAMDEN,27921,6015010041,1 - Restaurant,98.5,A,3261
15,,,1/16/2026,HARDEES # 1656,100 TOWNE CENTER DRIVE,CAMDEN,27921,6015010033,1 - Restaurant,100.0,A,3261
57,,,1/19/2026,MARS HILL AMERICAN GRILL,844 CARL ELLER ROAD,MARS HILL,28754,1057010191,1 - Restaurant,97.5,A,2380
35,,,1/19/2026,TACOS EL GORDO,330 GLENLOFT DR,. YOUNGSVILLE,27596,4035030026,3 - Mobile Food,100.0,A,2293
35,,,1/19/2026,WAREHOUSE BBQ MFU,7807 HOGAN DR WAKE FOREST,,27596,4035030600,3 - Mobile Food,100.0,A,2293
35,,,1/2/2026,SUBWAY 1812,313 BICKETT BLVD,LOUISBURG,27549,4035010110,1 - Restaurant,97.0,A,3470
8,,,1/21/2026,SKS 2 LLC DBA RED APPLE MARKET,3338 US 13 N HWY,AHOSKIE,27910,6008020085,2 - Food Stands,97.0,A,2435
72,,,1/22/2026,FOOD LION 1218 DELI,321 OCEAN HWY S HERTFORD,,27944,6072020007,2 - Food Stands,98.5,A,3261
3,,,1/22/2026,FREEBORNE'S EATERY,14300 NC HIGHWAY,18 SOUTH LAUREL SPRINGS,28644,3003010197,1 - Restaurant,97.0,A,3502
3,,,1/22/2026,SOUTH SIDE CADDY SHACK,544 SOUTH MAIN STREET,SPARTA,28675,3003020228,2 - Food Stands,95.0,A,3502
21,,,1/26/2026,FOOD LION DELI,300 C VIRGINIA ROAD,EDENTON,27932,6021020052,2 - Food Stands,97.5,A,2801
21,,,1/26/2026,FOOD LION PRODUCE,300 VIRGINIA RD,. EDENTON,27932,6021020055,2 - Food Stands,99.5,A,3261
21,,,1/26/2026,HISSHO SUSHI,300 VIRGINIA RD,. EDENTON,27932,6021020057,2 - Food Stands,98.5,A,2801
22,,,1/27/2026,INGLES DELI #116,230 HWY,64 HAYESVILLE,28904,1022010074,1 - Restaurant,97.0,A,2158
22,,,1/28/2026,MCDONALD'S # 31974,37 HIGHWAY 64 EAST,HAYESVILLE,28904,1022010142,1 - Restaurant,98.0,A,1549
3,,,1/29/2026,BECCA'S BACKWOODS BEAN,21 NORTH MAIN STREET,SPARTA,28675,3003010177,1 - Restaurant,97.0,A,3502
48,,,1/29/2026,FAR CREEK GAS & GRILL,34260 US HWY 264 ENGELHARD,,27824,6048020018,2 - Food Stands,100.0,A,2394
61,,,1/29/2026,MI MORELIA,6187 US-19E SPRUCE PINE,,28777,1061010321,1 - Restaurant,95.0,A,3468
3,,,1/29/2026,QUALITY MART #69,2694 HIGHWAY,21 SOUTH SPARTA,28675,3003010211,1 - Restaurant,98.5,A,3502
72,,,1/29/2026,STORY'S SEAFOOD,131 N.COMMERCE DR. HERTFORD,,27944,6072010102,1 - Restaurant,98.0,A,3261
94,,,1/30/2026,CAROLS VARIETY SHOP  2,702 E MAIN ST PL,YMOUTH,27962,6094020015,2 - Food Stands,98.5,A,3065
22,,,1/30/2026,CHATUGE'S SOUTHERN CAFE,165 HWY 64 WEST SUITE 5,HAYESVILLE,28904,1022010146,1 - Restaurant,100.0,A,1549
72,,,11/26/2025,HARDEES,200 OCEAN HWY SOUTH HERTFORD,,27944,6072010078,1 - Restaurant,95.0,A,3261
89,,,12/11/2025,EASTERN 4 H CENTER,100 CLOVER WAY,COLUMBIA,27925,6089010021,1 - Restaurant,100.0,A,1446
27,,,2/10/2026,CINDYS KITCHEN,4517 CARATOKE HWY,BARCO,27917,6027010004,1 - Restaurant,97.5,A,3382
3,,,2/10/2026,CIRCLE L FAMILY RESTAURANT,3238 U.S. HIGHWAY,21 SOUTH GLADE VALLEY,28627,3003010220,1 - Restaurant,98.5,A,3502
22,,,2/10/2026,HINTON RURAL LIFE CENTER,2330 HINTON CENTER ROAD,HAYESVILLE,28904,1022010120,1 - Restaurant,100.0,A,1549
48,,,2/10/2026,OCRACOKE CONCESSION STAND,120 SCHOOL ROAD,OCRACOKE,27960,6048140021,14 - Limited Food,100.0,A,2394
27,,,2/10/2026,PASS THE SALT CAFE,138 COURTHOUSE ROAD,CURRITUCK,27929,6027010391,1 - Restaurant,100.0,A,3382
89,,,2/10/2026,TIENDA MEXICANA PENIEL #2,201-B MAIN ST,. COLUMBIA,27925,6089010053,1 - Restaurant,98.5,A,1446
62,,,2/11/2026,BOJANGLES/TROY,422 ALBEMARLE RD,. TROY,27371,5062010109,1 - Restaurant,97.5,A,2734
88,,,2/11/2026,CEDAR MOUNTAIN OUTPOST,8431 GREENVILLE HIGHWAY BREVARD,,28712,1088010454,1 - Restaurant,94.5,A,3164
37,,,2/11/2026,FAMILY FOODS,1479 NC 32 N CORAPEAKE,,27926,6037010058,1 - Restaurant,97.5,A,2435
89,,,2/11/2026,FOOD LION DELI 2110,625 US HWY,64 E COLUMBIA,27925,6089020006,2 - Food Stands,97.5,A,1446
89,,,2/11/2026,FOOD LION PRODUCE 2110,625 HWY,64 COLUMBIA,27925,6089020008,2 - Food Stands,99.0,A,1446
37,,,2/11/2026,GATES FOOD MART,1003 US HWY,158 W GATESVILLE,27938,6037020046,2 - Food Stands,95.0,A,2435
22,,,2/11/2026,HOKE POKE NOODLE BAR CREEKSIDE BBQ,964 HWY,69 SOUTH SUITE 6 & 9 HAYESVILLE,28904,1022010143,1 - Restaurant,98.5,A,2158
37,,,2/11/2026,HOLIDAY FOODS,003 NC HWY,32 N SUNBURY,27979,6037020040,2 - Food Stands,95.0,A,2435
88,,,2/11/2026,SKYTERRA YOUNG ADULT,40 WELLNESS WAY BREVARD,,28712,1088010493,1 - Restaurant,96.0,A,3164
61,,,2/12/2026,EAST FORK BAKERY,24 NORTH MITCHELL AVE,. BAKERSVILLE,28705,1061010325,1 - Restaurant,92.5,A,3468
35,,,2/12/2026,JERSEY MIKE'S,505 RETAIL WAY,SUITE 116 LOUISBURG,27549,4035010073,1 - Restaurant,99.5,A,3470
72,,,2/12/2026,TOMMYS PIZZA,309 OCEAN HWY SOUTH HERTFORD,,27944,6072010042,1 - Restaurant,100.0,A,3261
61,,,2/13/2026,19-E VALERO,6121 HWY,19E SPRUCE PINE,28777,1061010022,1 - Restaurant,97.5,A,3468
27,,,2/13/2026,BARCO 7-ELEVEN #20996,3948 CARATOKE HWY,BARCO,27917,6027020044,2 - Food Stands,98.5,A,3382
88,,,2/13/2026,DILLY DELI,8879 ROSMAN HIGHWAY,ROSMAN,28772,1088020005,2 - Food Stands,97.0,A,3164
22,,,2/13/2026,DIRE WOLF SPORTS BAR & GRILL,205 HWY 64 WEST,HAYSVILLE,28904,1022010147,1 - Restaurant,98.5,A,1549
3,,,2/13/2026,RED DOG,9531 NC HWY,93 PINEY CREEK,28663,3003010205,1 - Restaurant,98.0,A,3502
100,,,2/14/2026,FASTOP MARKET #307,734 WEST US HWY,19E BYPASS BURNSVILLE,28714,1100016039,1 - Restaurant,90.0,A,2215
4,,,2/16/2026,ALLEN'S RESTAURANT,11389 US -74 PEACHLAND,,28133,5004010189,1 - Restaurant,99.5,A,2651
27,,,2/16/2026,EL POTRILLO GRANDY,109 A FORBES LOOP GRANDY,,27939,6027010319,1 - Restaurant,91.0,A,3382
75,,,2/16/2026,FOOD LION BAKERY/DELI 510,231 W MILLS ST,COLUMBUS,28722,1075020017,2 - Food Stands,98.5,A,2658
14,,,2/16/2026,MCDONALDS,36 PINEWOOD ROAD,GRANITE FALLS,28630,1014010595,1 - Restaurant,99.0,A,2867
5,,,2/16/2026,MOUNTAIN AIRE SEAFOOD AND STEAKS,9930 NC HWY 16 SOUTH WEST,JEFFERSON,28694,3005010187,1 - Restaurant,96.5,A,2448
61,,,2/16/2026,RED HILL PIZZA SHOP,5533 HWY,226N BAKERSVILLE,28705,1061020033,2 - Food Stands,98.0,A,3468
99,,,2/17/2026,CENTURY CHINA BUFFET,936 SOUTH STATE STREET,YADKINVILLE,27055,3099010314,1 - Restaurant,96.0,A,3374
48,,,2/17/2026,FAIRFIELD GAS BAR,6581 NC HWY,94 FAIRFIELD,27826,6048020016,2 - Food Stands,100.0,A,2394
94,,,2/17/2026,FOOD LION DELI 541,824 HWY 64 E PL,YMOUTH,27962,6094020017,2 - Food Stands,99.0,A,3065
94,,,2/17/2026,KFC/TACO BELL,601 HWY 64 E. PL,YMOUTH,27962,6094010100,1 - Restaurant,96.5,A,3065
99,,,2/17/2026,LITTLE RICHARDS SMOKEHOUSE BBQ,916 SOUTH STATE STREET,YADKINVILLE,27055,3099010195,1 - Restaurant,99.0,A,3374
27,,,2/17/2026,LOS COMPADRES,6623 CARATOKE HWY,GRANDY,27939,6027010426,1 - Restaurant,95.0,A,3382
6,,,2/17/2026,MIRACLE GROUNDS COFFEE SHOP,9 FOUNTAIN DR,CROSSNORE,28616,1006010177,1 - Restaurant,96.5,A,3468
5,,,2/17/2026,O'S THAI EXPRESS,HIGH COUNTRY COMMERCIAL KITCHEN 626 ASHE CENTRAL SCHOOL RD,. JEFFERSON,28640,3005020100,2 - Food Stands,100.0,A,3484
48,,,2/17/2026,RAY'S MARKET & GRILL,39365 US HWY 264E BELHAVE,N,27810,6048010106,1 - Restaurant,99.5,A,2394
7,,,2/17/2026,THE BANK BISTRO,216 W MAIN ST,WASHINGTON,27889,6007010419,1 - Restaurant,96.0,A,2277
7,,,2/17/2026,VINNY'S PIZZA,880 US HIGHWAY 264 BYPASS BELHAVE,N,27810,6007010380,1 - Restaurant,92.5,A,2597
100,,,2/18/2026,APPALACHIAN JAVA AND CAFE,8 W. MAIN STREET,BURNSVILLE,28714,1100016064,1 - Restaurant,99.0,A,2215
62,,,2/18/2026,BADIN LAKE FAMILY RESTAURANT,2507 BLAINE RD,. NEW LONDON,28127,5062010333,1 - Restaurant,100.0,A,2734
27,,,2/18/2026,BJS,7069 CARATOKE HWY,JARVISBURG,27947,6027010195,1 - Restaurant,97.0,A,3382
99,,,2/18/2026,BOJANGLES # 517,1652 NC HWY,67 JONESVILLE,28642,3099010444,1 - Restaurant,99.0,A,3374
99,,,2/18/2026,BREAKFASTIME,1624 NC HWY,67 JONESVILLE,28642,3099010402,1 - Restaurant,100.0,A,3374
100,,,2/18/2026,CARRIAGE HOUSE SUNDRIES,7 SOUTH MAIN STREET,BURNSVILLE,28714,1100010091,1 - Restaurant,100.0,A,1736
7,,,2/18/2026,COOK OUT 217,1004 CAROLINA AVE,WASHINGTON,27889,6007020091,2 - Food Stands,95.0,A,2597
70,,,2/18/2026,CYPRESS CREEK GRILL,113 S WATER STREET,ELIZABETH CITY,27909,6070010357,1 - Restaurant,100.0,A,3261
69,,,2/18/2026,GARY'S DOWN EAST SEAFOOD,7610 HWY,306 SOUTH ARAPAHOE,28510,6069010216,1 - Restaurant,91.5,A,1828
58,,,2/18/2026,GEORGIA DEAN'S,1940 US HWY 17 WILLIAMST,ON,27892,6058010236,1 - Restaurant,99.0,A,3065
69,,,2/18/2026,GRETCHEN'S BISTRO,807 BROAD STREET,ORIENTAL,28571,6069010062,1 - Restaurant,98.0,A,1828
58,,,2/18/2026,HITCHIN POST,1981 US HWY 17 WILLIAMST,ON,27892,6058010263,1 - Restaurant,98.5,A,3065
5,,,2/18/2026,JUAREZ CONVENIENT STORE,14226 NC-194 N LANSING,,28643,3005010383,1 - Restaurant,97.5,A,2448
27,,,2/18/2026,LOS ANTOJITOS,8364 CARATOKE HWY,POWELL POINT,27966,6027010409,1 - Restaurant,99.0,A,3382
61,,,2/18/2026,MCDONALD'S SPRUCE PINE,12063 S HWY,226 SPRUCE PINE,28777,1061010158,1 - Restaurant,96.5,A,3468
100,,,2/18/2026,NUWRAY HOTEL  RESTAURANT,102 TOWN SQUARE BURNSVILLE,,28714,1100010099,1 - Restaurant,100.0,A,1736
5,,,2/18/2026,OLD ORCHARD CREEK GENERAL STORE,9350 NC 194 LANSING,,28643,3005010399,1 - Restaurant,97.5,A,2448
3,,,2/18/2026,SPEEDWAY 7947,306 NORTH MAIN ST,SPARTA,28675,3003010022,1 - Restaurant,98.0,A,3502
7,,,2/18/2026,SUBWAY #44808,1324 JOHN SMALL AVENUE,WASHINGTON,27889,6007010362,1 - Restaurant,95.5,A,2277
5,,,2/18/2026,"TASTY HALAL, INC.",626 ASHE CENTRAL SCHOOL RD,JEFFERSON,28640,3005030027,3 - Mobile Food,97.0,A,3484
48,,,2/18/2026,THE QUARTER DELI,81 NC HWY,45 SWAN QUARTER,27885,6048010109,1 - Restaurant,100.0,A,2394
99,,,2/18/2026,THEOS ITALIAN & FAMILY RESTAURANT,233 NC HWY,67 JONESVILLE,28642,3099010116,1 - Restaurant,98.0,A,3374
69,,,2/18/2026,TOUCAN GRILL & FRESH BAR,103 WALL STREET,ORIENTAL,28571,6069010147,1 - Restaurant,94.0,A,1828
75,,,2/18/2026,TRADE STREET DINER,10 N TRADE STREET,", SUITE 2 TRYON",28782,1075010369,1 - Restaurant,98.0,A,2658
7,,,2/18/2026,TWO RIVERS ALEHOUSE,186 MAIN STREET,WASHINGTON,27889,6007010482,1 - Restaurant,97.0,A,2597
89,,,2/19/2026,BLACK DIRT COFFEE SHOP & CAFE',107 S. WATER ST,. COLUMBIA,27925,6089010068,1 - Restaurant,99.0,A,1446
91,,,2/19/2026,BOJANGLES #7,1518 DABNEY DRIVE,HENDERSON,27536,4091010009,1 - Restaurant,98.5,A,1754
100,,,2/19/2026,CAROLINA EMPANADA COMPANY,394 E. MAIN ST,. BURNSVILLE,28714,1100030006,3 - Mobile Food,99.0,A,2215
71,,,2/19/2026,CASTLE BAY COUNTRY CLUB RESTAURANT,107 LINKS COURT HAMPST,EAD,28443,7071010143,1 - Restaurant,99.0,A,3142
12,,,2/19/2026,CRACKER BARREL OLD COUNTRY STORE #693,135 BUSH DRIVE,MORGANTON,28655,1012010605,1 - Restaurant,94.5,A,2761
7,,,2/19/2026,DAIRY PALACE,120 BRIDGE ST,WASHINGTON,27889,6007020005,2 - Food Stands,93.5,A,2597
7,,,2/19/2026,EL LOCO SOCIAL BISTRO AND BAR,138 S. MARKET ST,. WASHINGTON,27889,6007010543,1 - Restaurant,97.5,A,1733
77,,,2/19/2026,ELLERBE PIZZA & HOT SUBS,4393 MAIN ST,ELLERBE,28338,5077010448,1 - Restaurant,88.5,B,3036
12,,,2/19/2026,GRACE RIDGE RETIREMENT COMMUNITY,500 LENOIR ROAD,MORGANTON,28655,1012010707,1 - Restaurant,99.5,A,3312
19,,,2/19/2026,HARRIS TEETER MEAT AND SEAFOOD #137,88 CHATHAM DOWNS DR,CHAPEL HILL,27517,4019020095,2 - Food Stands,99.0,A,2523
46,,,2/19/2026,HOT PLATE CAFE,NUCOR ST,EEL COFIELD,27922,6046010102,1 - Restaurant,98.5,A,2435
5,,,2/19/2026,INGLES PRODUCE 82,60 ASHEMONT DRIVE WEST,JEFFERSON,28694,3005020061,2 - Food Stands,97.0,A,3502
100,,,2/19/2026,LIVE OAK GASTRO PUB,109 WEST MAIN STREET,BURNSVILLE,28714,1100010098,1 - Restaurant,100.0,A,2215
22,,,2/19/2026,MARGARITA JACKS PUB & GRUB,2397 HWY,175 SOUTH HAYESVILLE,28904,1022020048,2 - Food Stands,100.0,A,1549
19,,,2/19/2026,MARTHA ARROYO SOTO MFU 1,115 SOUTH CHATHAM AVENUE,SILER CITY,27344,4019030010,3 - Mobile Food,100.0,A,2522
12,,,2/19/2026,OAK HILL GROCERY,2375 NC 181 MORGANTON,,28655,1012010576,1 - Restaurant,96.0,A,3370
69,,,2/19/2026,PAMLICO COUNTY HIGH SCHOOL BASKETBALL CONCESSION,601 MAIN STREET,BAYBORO,28515,6069140020,14 - Limited Food,96.0,A,1828
15,,,2/19/2026,PROOF,35 CAMDEN CAUSEWAY,ELIZABETH CITY,27909,6015010036,1 - Restaurant,100.0,A,3261
70,,,2/19/2026,THE CORNER,700 E MAIN STREET,UNIT 104 ELIZABETH CITY,27909,6070010477,1 - Restaurant,94.5,A,3261
100,,,2/19/2026,THE RUPTURED ROOSTER,357 E HWY,19E BYPASS BURNSVILLE,28714,1100010090,1 - Restaurant,98.0,A,1736
91,,,2/19/2026,WALMART DELI & BAKERY #2256,200 N. COOPER DRIVE,HENDERSON,27536,4091020248,2 - Food Stands,99.0,A,1754
72,,,2/20/2026,252 GRILL,100 BERRY ST. HERTFORD,NC 27944,27944,6072010095,1 - Restaurant,97.0,A,3261
56,,,2/20/2026,4118 KITCHEN & BAR,64 HIGHLANDS PL,AZA HIGHLANDS,28741,1056010543,1 - Restaurant,99.0,A,3385
75,,,2/20/2026,ADVENTHEALTH POLK - FOOD SERVICE,101 HOSPITAL DRIVE,COLUMBUS,28722,1075010090,1 - Restaurant,99.5,A,2658
12,,,2/20/2026,BLUEBERRY BISTRO,4863 LAKEWOOD DR,. MORGANTON,28655,1012020248,2 - Food Stands,100.0,A,3442
9,,,2/20/2026,BOJANGLES 2026,330 SOUTH POPLAR STREET,ELIZABETHTOWN,28833,5009010394,1 - Restaurant,90.0,A,2002
7,,,2/20/2026,BURGER KING  13209,2961 HWY,17 S CHOCOWINITY,27817,6007010192,1 - Restaurant,98.0,A,2277
71,,,2/20/2026,CHINA KING,112 E FREMONT ST #643,BURGAW,28425,7071010526,1 - Restaurant,94.0,A,3291
9,,,2/20/2026,CHRISTOPHER'S STEAKHOUSE & SEAFOOD,703 E BROAD ST,. ELIZABETHTOWN,28337,5009010353,1 - Restaurant,93.0,A,2002
52,,,2/20/2026,FARMERS KITCHEN,501 MAIN STREET,MAYSVILLE,28523,6052010069,1 - Restaurant,94.5,A,1007
19,,,2/20/2026,FREDYS CATERING MOBILE FOOD UNIT#1,1211 N 2ND AVE,SILER CITY,27344,4019030000,3 - Mobile Food,98.5,A,2522
61,,,2/20/2026,GRASSY CREEK GOLF & COUNTRY CLUB RESTAURANT,2360 SWISS PINE LAKE DR,SPRUCE PINE,28777,1061010320,1 - Restaurant,96.0,A,3468
19,,,2/20/2026,HARRIS TEETER PRODUCE MKT  #137,88 CHATHAM DOWNS DR,CHAPEL HILL,27517,4019020093,2 - Food Stands,96.0,A,2523
62,,,2/20/2026,HOMETOWN BAR-B-Q,501 ALBEMARLE RD,. TROY,27371,5062010152,1 - Restaurant,93.5,A,2734
46,,,2/20/2026,JUICY'S PULLPORK CATERING LLC,312 JAY TRAIL,MURFREESBORO,27855,60460330035,3 - Mobile Food,99.0,A,2435
97,,,2/20/2026,KOTOS JAPANESE RESTAURANT,1919 E US HWY,421 WILKESBORO,28697,3097010276,1 - Restaurant,93.5,A,3283
71,,,2/20/2026,LARRY'S DELI-QUE,718 S. ANDERSON BLVD,. TOPSAIL BEACH,28445,7071010125,1 - Restaurant,100.0,A,3142
56,,,2/20/2026,LEO'S CAFFE ITALIA,91 GEORGIA ROAD,FRANKLIN,28734,1056010629,1 - Restaurant,98.5,A,2997
12,,,2/20/2026,LINVILLE FALLS GENERAL,8896 NC HWY,183 JONAS RIDGE,28641,1012020207,2 - Food Stands,99.0,A,3370
71,,,2/20/2026,LOWES FOOD #242 DELI,17230 HIGHWAY 17 NORTH HAMPST,EAD,28443,7071020081,2 - Food Stands,92.0,A,3220
56,,,2/20/2026,LUCIO'S,313 HIGHLANDS RD,. FRANKLIN,28734,1056010046,1 - Restaurant,98.0,A,3385
83,,,2/20/2026,PAPA JOHNS PIZZA,1640 SOUTH MAIN ST,LAURINBURG,28352,5083020076,2 - Food Stands,95.0,A,3199
5,,,2/20/2026,PIZZA HUT,146 NORTH VIEW DRIVE,JEFFERSON,28640,3005010351,1 - Restaurant,96.5,A,3502
62,,,2/20/2026,"SCALLYWAG'S BAR AND GRILL, LLC","700 LAKE FOREST DR NEW LONDON, NC",,,5062010285,1 - Restaurant,99.0,A,2734
15,,,2/20/2026,TAYLORS OAK RESTAURANT,101 TAYLORS LANE,CAMDEN,27921,6015010039,1 - Restaurant,93.5,A,3261
56,,,2/20/2026,THE SKELLER SKILLET,58 STEWART ST,. FRANKLIN,28734,1056030053,3 - Mobile Food,100.0,A,2997
56,,,2/20/2026,THE WOOD FIRED GRILL,210 HIGHLANDS ROAD,FRANKLIN,28734,1056030036,3 - Mobile Food,100.0,A,3385
78,,,2/21/2026,FOOD LION #900,805 A EAST 4TH AVENUE,RED SPRINGS,29377,5078020161,2 - Food Stands,99.0,A,2708
78,,,2/21/2026,FOOD LION DELI/BAKERY 900,805 A EAST 4TH STREET,RED SPRINGS,28377,5078010578,1 - Restaurant,99.0,A,2708
78,,,2/21/2026,KENTUCKY FRIED CHICKEN,911 EAST 4TH AVENUE,RED SPRINGS,28377,5078010838,1 - Restaurant,98.0,A,2708
78,,,2/21/2026,PIZZA HUT 2574,805 E 4TH AVE,RED SPRINGS,28377,5078020177,2 - Food Stands,98.5,A,2708
69,,,2/23/2026,AGGIE'S STEAK SUBS,13442 NC HWY,55 BAYBORO,28515,6069010149,1 - Restaurant,94.5,A,1828
79,,,2/23/2026,BISCUITVILLE #136,114 KINGS HWY,EDEN,27288,3079010005,1 - Restaurant,100.0,A,3197
4,,,2/23/2026,BOJANGLES,1206 EAST CASWELL ST,WADESBORO NC,28170,5004010168,1 - Restaurant,98.5,A,2651
54,,,2/23/2026,BRIGHTHOUSE MART AND GRILL,5189 HWY 55 W KINST,ON,28504,6054010723,1 - Restaurant,90.0,A,3353
83,,,2/23/2026,BURGER KING,1420 SOUTH MAIN STREET,LAURINBURG,28352,5083010216,1 - Restaurant,95.5,A,3199
31,,,2/23/2026,CAMINO REAL,607 N. NORWOOD STREET,WALLACE,28466,7031010556,1 - Restaurant,92.5,A,3282
52,,,2/23/2026,CHINA CITY,507 EIGHTH STREET,MAYSVILLE,28555,6052010060,1 - Restaurant,97.0,A,1007
93,,,2/23/2026,CHINA KING,310 E MAIN ST,. WARRENTON,27857,4093010502,1 - Restaurant,95.0,A,3045
97,,,2/23/2026,CINDER BISTRO,532 MAIN ST,. NORTH WILKESBORO,28659,3097010604,1 - Restaurant,99.0,A,3283
77,,,2/23/2026,COOK OUT,1240 BROAD STREET,ROCKINGHAM,28379,5077020089,2 - Food Stands,93.0,A,3036
83,,,2/23/2026,COOK OUT,1304 SCOTLAND CROSSING DR,. LAURINBURG,28352,5083020080,2 - Food Stands,96.0,A,3199
19,,,2/23/2026,CRAIGS GENERAL STORE,5710 NC HWY,751 APEX,27523,4019020004,2 - Food Stands,97.5,A,2523
91,,,2/23/2026,DENNY'S,1524 DABNEY DRIVE,HENDERSON,27537,4091010393,1 - Restaurant,98.0,A,1754
9,,,2/23/2026,DONA MARY,15264 HWY 701 & HWY,210 GARLAND,28441,5009010266,1 - Restaurant,96.5,A,2002
14,,,2/23/2026,DONNA S CAFE,132 FAIRWAY,SHOPPING CENTER HUDSON,28638,1014010390,1 - Restaurant,95.5,A,2867
30,,,2/23/2026,DYNASTY CHINESE RESTAURANT,1101 YADKINVILLE RD,MOCKSVILLE,27028,3030010338,1 - Restaurant,96.5,A,3407
62,,,2/23/2026,ELDORADO OUTPOST,"4021 NC HWY 109 N TROY, NC",,,5062010332,1 - Restaurant,95.5,A,2734
59,,,2/23/2026,HARDEES #2675,3240 HWY,226 SOUTH MARION,28752,1059010322,1 - Restaurant,96.5,A,2157
93,,,2/23/2026,HARDEES 1217,417 W. RIDGEWAY STREET,WARRENTON,27589,4093010130,1 - Restaurant,99.0,A,3045
53,,,2/23/2026,KING CHINESE BUFFET,3218 N C HWY 87 S SANFORD,,27330,4053010410,1 - Restaurant,94.5,A,3091
4,,,2/23/2026,"LA SUERTE DE SAKE, MEXICAN GRILL LLC",450 E CASWELL ST,WADESBORO,28170,5004010082,1 - Restaurant,98.5,A,2651
70,,,2/23/2026,LA TIENDITA,211 S HUGHES BLVD,ELIZABETH CITY,27909,6070010351,1 - Restaurant,95.0,A,3261
94,,,2/23/2026,LITTLE CAESAR'S PIZZA,433 US HWY 64 PL,YMOUTH,27962,6094020041,2 - Food Stands,100.0,A,3065
69,,,2/23/2026,MAYO'S SEAFOOD RESTAURANT,13533 NC HWY,55 BAYBORO,28515,6069010203,1 - Restaurant,94.5,A,1828
70,,,2/23/2026,MCDONALDS 10523,1321 N ROAD STREET,ELIZABETH CITY,27909,6070010022,1 - Restaurant,98.5,A,3382
83,,,2/23/2026,NICKY'S STOP-N-SHOP,7900 HASTY RD,. LAURINBURG,28352,5083010231,1 - Restaurant,92.0,A,2697
94,,,2/23/2026,OBX SPEEDWAY,"426 BENSON RD. CRESWELL, NC",,,6094010129,1 - Restaurant,98.0,A,1446
97,,,2/23/2026,PLAZA DEL SOL,1917 US HWY,421 WILKESBORO,29697,3097010535,1 - Restaurant,98.0,A,3283
97,,,2/23/2026,ROSE GLEN VILLAGE,407 WEST MAIN ST,WILKESBORO,28697,3097010390,1 - Restaurant,99.0,A,3443
71,,,2/23/2026,SEARS LANDING,806 ROLAND AVE,SURF CITY,28445,7071010560,1 - Restaurant,98.5,A,3220
71,,,2/23/2026,SHAKA TACO,107 NORTH SHORE DRIVE,SURF CITY,28445,7071020108,2 - Food Stands,100.0,A,3220
70,,,2/23/2026,SUBWAY 3924,1013 N. ROAD ST,ELIZABETH CITY,27909,6070010171,1 - Restaurant,100.0,A,3382
53,,,2/23/2026,TERIYAKI EXPRESS JAPANESE RESTAURANT,2610 S HORNER BLVD SANFORD,,27332,4053010594,1 - Restaurant,96.5,A,3091
9,,,2/23/2026,TOKYO BISTRO,132 S. POPLAR ST,. ELIZABETHTOWN,28337,5009010356,1 - Restaurant,94.0,A,2002
94,,,2/23/2026,WENDY'S #3226,1999 US HWY 64 WEST PL,YMOUTH,27962,6094010130,1 - Restaurant,99.0,A,3065
78,,,2/24/2026,301 KWIK SHOP,23011 US HWY,301 PARKTON,28371,5078020092,2 - Food Stands,94.5,A,2708
30,,,2/24/2026,601 FILLING STATION,2203 US HIGHWAY,601 NORTH MOCKSVILLE,27028,3030010335,1 - Restaurant,96.5,A,2399
77,,,2/24/2026,7-ELEVEN,462 LOUIS BREEDEN BLVD,HAMLET,28345,5077010475,1 - Restaurant,99.0,A,1829
43,,,2/24/2026,AFC SUSHI @ CAMPBELL,445 LESLIE CAMPBELL AVE,LILLINGTON,27546,5043010983,1 - Restaurant,93.5,A,2102
49,,,2/24/2026,ARBY'S #1889,3209 TAYLORSVILLE HWY ST,ATESVILLE,28625,2049011757,1 - Restaurant,98.5,A,2586
82,,,2/24/2026,ARBY'S #78014,1403 SUNSET AVE,. CLINTON,28328,5082010579,1 - Restaurant,97.0,A,3027
81,,,2/24/2026,BECKY' S COUNTRY STORE AND GRILL,2259 HWY 226 BOST,IC,28018,1081010407,1 - Restaurant,100.0,A,1545
66,,,2/24/2026,BLAZIATIC STREET FOOD,146 JAMESON AVE,WOODLAND,27897,4066030215,3 - Mobile Food,100.0,A,3163
56,,,2/24/2026,BOONE THAI RESTAURANT,553 HIGHLANDS ROAD,FRANKLIN,28734,1056010274,1 - Restaurant,98.5,A,2997
69,,,2/24/2026,BRANTLEY'S VILLAGE RESTAURANT,900 BROAD ST,. ORIENTAL,28571,6069010185,1 - Restaurant,94.0,A,1828
24,,,2/24/2026,BURGER KING (CHADBOURN) #191,BURGER KING (CHADBOURN) CHADBOURN,,28431,7024010671,1 - Restaurant,96.0,A,3421
53,,,2/24/2026,CAFE VESUVIO,1945 S. HORNER BLVD. SANFORD,,27330,4053010523,1 - Restaurant,96.0,A,3091
18,,,2/24/2026,CAMP DOGWOOD,7062 CAMP DOGWOOD DR SHERRILLS FORD,,28673,2018010024,1 - Restaurant,99.5,A,2031
43,,,2/24/2026,CAMPBELL UNIVERSITY CATERING,445 LESLIE CAMPBELL AVE,. LILLINGTON,27546,5043010889,1 - Restaurant,95.5,A,2102
18,,,2/24/2026,CAPTAINS GALLEY,1261 16TH ST,NE HICKORY,28602,2018010559,1 - Restaurant,100.0,A,2286
73,,,2/24/2026,CARTER'S 5 GRILL PCC,1715 COLLEGE DR,ROXBORO,27573,4073010364,1 - Restaurant,99.5,A,1712
49,,,2/24/2026,CARUSO'S FINE ITALIAN DINING,631 BRAWLEY SCHOOL ROAD,SUITE 404 MOORESVILLE,28117,2049010969,1 - Restaurant,98.0,A,3013
10,,,2/24/2026,CHRISTOPHER'S STEAKHOUSE AND SEAFOOD,2013 OLDE REGENT WAY ST,E 200 LELAND,28451,7010011525,1 - Restaurant,97.0,A,2132
86,,,2/24/2026,CIRCLE K #2701524,805 SOUTH KEY STREET,PILOT MOUNTAIN,27041,3086010891,1 - Restaurant,99.0,A,1826
45,,,2/24/2026,COOKOUT #242,2546 CHIMNEY ROCK ROAD,HENDERSONVILLE,28792,1045011031,1 - Restaurant,95.0,A,3231
56,,,2/24/2026,COWEE CONVENIENCE AND DELI,6368 BRYSON CITY ROAD,FRANKLIN,28734,1056010512,1 - Restaurant,95.5,A,3248
54,,,2/24/2026,CYNTHIA'S KITCHEN,108 E CAPITOLA AVE KINST,ON,28501,6054020294,2 - Food Stands,100.0,A,1779
80,,,2/24/2026,DAIMLER/TRUCK MFG. PLANT,11550 STATESVILLE BLVD,CLEVELAND,27013,2080010051,1 - Restaurant,98.0,A,3001
83,,,2/24/2026,DOMINO'S PIZZA,1712 US 401 LAURINBURG,,28352,5083020094,2 - Food Stands,97.0,A,3199
31,,,2/24/2026,DONA ELVA'S AUTHENTIC MEXICAN FOOD,507 E CHELLY STREET,WARSAW,28398,7031030078,3 - Mobile Food,97.5,A,1538
29,,,2/24/2026,DUKE'S MART,1071 JOHNSONTOWN RD,THOMASVILLE,27360,3029020825,2 - Food Stands,98.5,A,3530
82,,,2/24/2026,DUNKIN DONUTS AND BASKIN ROBBINS,925 SUNSET AVE,. CLINTON,28328,5082010541,1 - Restaurant,98.0,A,3027
43,,,2/24/2026,DUNN PALS,1501 CLINTON AVE,. DUNN,28334,5043010934,1 - Restaurant,98.0,A,2708
82,,,2/24/2026,EASTERN BUFFET,1115 SUNSET AVENUE,CLINTON,28328,5082010625,1 - Restaurant,95.0,A,1646
86,,,2/24/2026,EL AGAVERO MEXICANO,705 WEST INDEPENDENCE BLVD,MOUNT AIRY,27030,3086010661,1 - Restaurant,99.0,A,3062
49,,,2/24/2026,EL CERRO REYES,655 BRAWLEY SCHOOL RD,", SUITE 101 MOORESVILLE",28117,2049011439,1 - Restaurant,95.0,A,2226
27,,,2/24/2026,EL POTRILLO MOYOCK,102G MOYOCK COMMONS DRIVE,MOYOCK,27958,6027010213,1 - Restaurant,90.5,A,3382
19,,,2/24/2026,FOOD FAIRY COMMISSARY,363 NICKS BEND ROAD,PITTSBORO,27312,4019150013,15 - Commissary (Pushcarts/Mobile Foods),100.0,A,2523
6,,,2/24/2026,FOOD LION DELI & PRODUCE STAND 424,3555 TYNECASTLE  HWY,BANNER ELK,28604,1006020029,2 - Food Stands,97.0,A,3468
86,,,2/24/2026,FREAKSHOWS BURGERS WINGS AND BURRITOS,2165 NORTH BRIDGE STREET,ELKIN,28621,3086010912,1 - Restaurant,97.0,A,1787
100,,,2/24/2026,GARDEN DELI / SNAP DRAGON,3 TOWN SQUARE BURNSVILLE,,28714,1100010007,1 - Restaurant,99.0,A,2215
9,,,2/24/2026,GIORGIO'S,502 S POPLAR ST,. ELIZABETHTOWN,28337,5009010336,1 - Restaurant,90.0,A,2002
49,,,2/24/2026,GOLDEN CORRAL,120 GALLERY CENTER DRIVE,MOORESVILLE,28117,2049011287,1 - Restaurant,94.5,A,2683
93,,,2/24/2026,GUS'S GRILL & BAR,127 ELAMS RD,LITTLETON,27850,4093010107,1 - Restaurant,98.0,A,3045
52,,,2/24/2026,HARDEE'S #1504267,701 MAIN STREET,MAYSVILLE,28555,6052010081,1 - Restaurant,93.0,A,1007
91,,,2/24/2026,HARDEES  1196,120 DABNEY DR,HENDERSON,27536,4091010272,1 - Restaurant,98.5,A,1754
59,,,2/24/2026,HILLMAN BEER OLD FORT,78 CATAWBA AVENUE,OLD FORT,28762,1059010504,1 - Restaurant,98.0,A,2477
14,,,2/24/2026,HONG KONG KITCHEN,4030 HICKORY BLVD,GRANITE FALLS,28630,1014010195,1 - Restaurant,96.0,A,2867
23,,,2/24/2026,ITALIAN GARDEN & PIZZERIA,213 E KING STREET,KINGS MOUNTAIN,28086,2023010807,1 - Restaurant,96.5,A,2531
84,,,2/24/2026,JIN JIN CHINESE RESTAURANT - LOCUST,1014 WEST MAIN ST LOCUST,,28097,2084010477,1 - Restaurant,96.5,A,2350
84,,,2/24/2026,KFC #93,116 BROWNS HILL RD LOCUST,,28097,2084010578,1 - Restaurant,100.0,A,3272
85,,,2/24/2026,KING KITCHEN,521 S MAIN ST,KING,27021,3085010022,1 - Restaurant,98.0,A,3418
54,,,2/24/2026,KINGS BBQ AND CHICK/VERNON,910 W. VERNON AVE KINST,ON,28501,6054010316,1 - Restaurant,82.0,B,3511
49,,,2/24/2026,KYJO'S,265-C NORTH MAIN STREET,TROUTMAN,28166,2049011431,1 - Restaurant,93.5,A,2586
30,,,2/24/2026,LA CARRETA MEXICAN RESTAURANT,195 COOPER CREEK DRIVE,SUITE 103 MOCKSVILLE,27028,3030010234,1 - Restaurant,99.0,A,2399
93,,,2/24/2026,LAKE GASTON PIT STOP 17389,2458 EATON FERRY RD,LITTLETON,27850,4093010202,1 - Restaurant,100.0,A,3045
50,,,2/24/2026,LAS MARGARITAS,18 CHESNUT SQUARE CASHIERS,,28717,1050010780,1 - Restaurant,99.0,A,2903
59,,,2/24/2026,LAS SALSAS,2474 HWY,. 226 SOUTH MARION,28752,1059010434,1 - Restaurant,97.5,A,2477
83,,,2/24/2026,LITTLE CAESAR'S PIZZA,903C US 401 LAURINBURG,,28352,5083020083,2 - Food Stands,94.5,A,3199
85,,,2/24/2026,LITTLE ITALY PIZZA,612 S MAIN ST,KING,27021,3085010134,1 - Restaurant,99.5,A,3418
49,,,2/24/2026,LOWE'S BUILDING B CAFE,1000 LOWES BLVD,MOORESVILLE,28117,2049011002,1 - Restaurant,100.0,A,3013
49,,,2/24/2026,LOWES SOUTH CAFE,1000 LOWES BLVD,MOORESVILLE,20117,2049011643,1 - Restaurant,99.5,A,3013
39,,,2/24/2026,MAIN ST OASIS,130 MAIN ST OXFORD,,27565,4039010325,1 - Restaurant,99.0,A,1704
24,,,2/24/2026,MARK'S SEAFOOD,1328 S MADISON ST,WHITEVILLE,28472,7024010592,1 - Restaurant,96.0,A,3057
79,,,2/24/2026,MAYFLOWER SEAFOOD III MADISON,101 MIDTOWN COMMONS MADISON,,27025,3079010898,1 - Restaurant,99.5,A,3472
30,,,2/24/2026,MOCKSVILLE FAMILY RESTAURANT INC,1132 YADKINVILLE ROAD,MOCKSVILLE,27028,3030010375,1 - Restaurant,98.0,A,2399
80,,,2/24/2026,NEW CHINA ONE,2134 STATESVILLE BLVD,SALISBURY,28147,2080010802,1 - Restaurant,97.0,A,3001
16,,,2/24/2026,NOONTIDE COFFEE + KITCHEN,4068C ARENDELL STREET,MOREHEAD CITY,28557,7016011233,1 - Restaurant,100.0,A,3215
18,,,2/24/2026,NOTIONS,206 UNION SQUARE HICKORY,,28601,2018011514,1 - Restaurant,99.0,A,1896
84,,,2/24/2026,PANCHO VILLA'S,2219 US HWY,52 N ALBEMARLE,28001,2084010541,1 - Restaurant,99.0,A,3272
29,,,2/24/2026,PAPA JOHNS PIZZA  1610,25 S TALBERT BLVD,LEXINGTON,27292,3029020146,2 - Food Stands,97.0,A,3383
31,,,2/24/2026,PEGGY'S KITCHEN TABLE,138 KENANSVILLE HWY,WARSAW,28398,7031010645,1 - Restaurant,96.0,A,3282
71,,,2/24/2026,PIGGLY WIGGLY DELI,103 SOUTH DUDLEY STREET,PO BOX 1032 BURGAW,28425,7071010509,1 - Restaurant,96.0,A,3291
79,,,2/24/2026,PIZZA HUT #36646,734 LINDEN DRIVE,EDEN,27288,3079010902,1 - Restaurant,98.0,A,3197
53,,,2/24/2026,POPEYES LOUISIANA KITCHEN #13295,2535 S HORNER BLVD SANFORD,,27332,4053010642,1 - Restaurant,91.0,A,3091
12,,,2/24/2026,QUALITY INN MORGANTON BREAKFAST,2400 SOUTH STERLING STREET,MORGANTON,28655,1012140044,14 - Limited Food,97.5,A,3370
53,,,2/24/2026,SAN FELIPE MEXICAN RESTAURANT,1706 S. HORNER BLVD. SANFORD,,27330,4053010296,1 - Restaurant,98.0,A,2865
66,,,2/24/2026,STEEL HOUSE,128 W. JEFFERSON ST,. JACKSON,27845,4066010071,1 - Restaurant,96.0,A,3163
71,,,2/24/2026,SUSHI-GEM,17230 US HIGHWAY 17N SUITE 124 HAMPST,EAD,28443,7071010479,1 - Restaurant,98.0,A,3220
94,,,2/24/2026,TRUMPS RESTAURANT,59 US HWY 64 E PL,YMOUTH,27962,6094010085,1 - Restaurant,96.5,A,3065
59,,,2/24/2026,ZAXBY'S,1192 WEST HENDERSON ST,MARION,28752,1059010857,1 - Restaurant,98.5,A,2477
84,,,2/25/2026,#1 CHINESE KITCHEN,558 FORK RD,NORWOOD,28128,2084010584,1 - Restaurant,98.5,A,3272
79,,,2/25/2026,573 BAR & GRILL,119 N. HENRY ST. ST,ONEVILLE,27048,3079010896,1 - Restaurant,97.0,A,3472
30,,,2/25/2026,801 SOUTHERN KITCHEN AND PANCAKE HOUSE,218 HWY,801 NORTH BERMUDA RUN,27006,3030010364,1 - Restaurant,96.5,A,3407
33,,,2/25/2026,AGAVE ROSA MEXICAN BAR & GRILL,1406 WESTERN BLVD,", UNIT F TARBORO",27886,4033011395,1 - Restaurant,99.0,A,3008
52,,,2/25/2026,AGGIE'S PIZZA AND SUBS,104 E. JONES STREET,TRENTON,28585,6052010059,1 - Restaurant,97.5,A,1007
63,,,2/25/2026,AGORA BAKERY AND CAFE,15 CHINQUAPIN RD. PINEHURST,,28374,5063012114,1 - Restaurant,95.0,A,3255
67,,,2/25/2026,AJI ICHIBAN,343-I WESTERN BLVD,JACKSONVILLE,28546,7067011474,1 - Restaurant,100.0,A,2371
76,,,2/25/2026,AMERICAS ROADHOUSE,818 E DIXIE DR,ASHEBORO,27205,3076010505,1 - Restaurant,96.0,A,3159
74,,,2/25/2026,ANITA'S MEXICAN RESTAURANT,1915 N. MEMORIAL DR,. GREENVILLE,27834,6074011504,1 - Restaurant,87.0,B,3185
77,,,2/25/2026,ARBY'S,1114 E BROAD AVE,ROCKINGHAM,28379,5077010349,1 - Restaurant,97.5,A,3036
25,,,2/25/2026,ATTITUDES PUB & GRILL,32 SHORELINE DRIVE,NEW BERN,28562,6025010593,1 - Restaurant,96.5,A,3461
10,,,2/25/2026,BALD HEAD COFFEE AND TEA HOUSE,3481 GEORGE II HIGHWAY,1 BOILING SPRING LAKES,28461,7010011439,1 - Restaurant,100.0,A,2765
68,,,2/25/2026,BEACH CAFE IP3,1 MEDICAL DR,CHAPEL HILL,27514,4068020375,2 - Food Stands,100.0,A,3191
68,,,2/25/2026,BEACH CAFE MED DELI,160 N MEDICAL DRIVE,CHAPEL HILL,27599,4068020254,2 - Food Stands,100.0,A,3191
59,,,2/25/2026,BESSIE'S DINER,1210 EAST COURT STREET,MARION,28752,1059010514,1 - Restaurant,96.5,A,2477
13,,,2/25/2026,BETHEL ENRICHMENT CENTER,1209 OPAL ST,KANNAPOLIS,28083,2013011063,1 - Restaurant,98.0,A,2074
51,,,2/25/2026,BIG B'S KITCHEN,110 GATWICK CT,CLAYTON,27520,4051031906,3 - Mobile Food,98.0,A,2736
44,,,2/25/2026,BIZZARROS PASTA & PIZZA,1560 SOCO ROAD,MAGGIE VALLEY,28751,1044011915,1 - Restaurant,100.0,A,2926
80,,,2/25/2026,BLUE BAY WEST,2050 STATESVILLE BLVD,SALISBURY,28147,2080010191,1 - Restaurant,99.0,A,3001
16,,,2/25/2026,BLUE HERON,300 LINKS DR,BEAUFORT,28516,7016011018,1 - Restaurant,98.0,A,3474
23,,,2/25/2026,BOJANGLES #940 (BOILING SPRINGS),211 N MAIN ST,SHELBY,28152,2023011010,1 - Restaurant,98.0,A,1954
67,,,2/25/2026,BRASSA TACOS & TAPS,4157 WESTERN BLVD,JACKSONVILLE,28546,7067011513,1 - Restaurant,93.0,A,3329
44,,,2/25/2026,BRICKHOUSE BURGERS & PIZZA,3914 SOCO RD,MAGGIE VALLEY,28751,1044010920,1 - Restaurant,100.0,A,2643
25,,,2/25/2026,BROAD STREET TAKE OUT,1020 BROAD STREET,NEW BERN,28560,6025011114,1 - Restaurant,100.0,A,3461
73,,,2/25/2026,BROOKLAND EATS,333 OLD DURHAM RD,. ROXBORO,27573,4073010329,1 - Restaurant,100.0,A,1712
55,,,2/25/2026,CAPT'N PETE'S SEAFOOD RESTAURANT,1855 N ASPEN ST LINCOLN,TON,28092,2055010451,1 - Restaurant,98.0,A,2914
43,,,2/25/2026,CARLIE CS DELI LILLINGTON,711 W. FRONT STREET,LILLINGTON,27546,5043020057,2 - Food Stands,94.5,A,2708
63,,,2/25/2026,CAROLINA FRIED CHICKEN HOUSE OF PIZZA,281 MIDDLETON ST,ROBBINS,27325,5063010707,1 - Restaurant,92.0,A,2750
55,,,2/25/2026,CAROLINA STEAK & RIB,1430 E. MAIN ST. LINCOLN,TON,28092,2055010608,1 - Restaurant,97.0,A,2914
54,,,2/25/2026,CHENS CHINESE,211 W VERNON AVE KINST,ON,28501,6054010348,1 - Restaurant,95.5,A,3511
81,,,2/25/2026,CHICK-FIL-A,118 HILLTOP WAY FOREST,CITY,28043,1081010858,1 - Restaurant,99.5,A,2193
23,,,2/25/2026,CHICK-FIL-A #35 CLEVELAND MALL,2001 E. DIXON BLVD,SUITE 38 SHELBY,28152,2023011045,1 - Restaurant,99.0,A,2531
54,,,2/25/2026,"CHICK-FIL-A, INC",4499 US HWY 70 W KINST,ON,28504,6054010657,1 - Restaurant,98.0,A,3511
55,,,2/25/2026,CHINA II,116 HWY,16 S DENVER,28037,2055010343,1 - Restaurant,96.0,A,3098
31,,,2/25/2026,CHINA MOON CHINESE RESTAURANT,594 S SYCAMORE ST,ROSE HILL,28458,7031010402,1 - Restaurant,89.5,B,3153
55,,,2/25/2026,CITRUS THE DINER,7923 NATALIE COMMONS DR,DENVER,28037,2055010532,1 - Restaurant,97.5,A,3098
70,,,2/25/2026,CITY GRILLE,691 S. HUGHES BLVD,. ELIZABETH CITY,27909,6070010397,1 - Restaurant,90.5,A,3261
51,,,2/25/2026,CLEVELAND DRAFT HOUSE,6101 NC HWY,42 W GARNER,27529,4051010878,1 - Restaurant,98.5,A,1594
33,,,2/25/2026,COOKOUT,104 RIVER OAKS DR,TARBORO,27886,4033020245,2 - Food Stands,99.0,A,3008
73,,,2/25/2026,COUNTRY CLUB CONVENIENCE MART,3620 CHUB LAKE RD,. ROXBORO,27574,4073010326,1 - Restaurant,100.0,A,1712
76,,,2/25/2026,CROSSROAD  KITCHEN,1302 OLD COX RD,ASHEBORO,27205,3076010503,1 - Restaurant,97.5,A,2487
86,,,2/25/2026,DAIRY CENTER,407 W LEBANON ST,MOUNT AIRY,27030,3086010231,1 - Restaurant,95.5,A,3062
77,,,2/25/2026,DAIRY QUEEN,110 W BROAD AVE,ROCKINGHAM,28379,5077010441,1 - Restaurant,98.5,A,3036
24,,,2/25/2026,DALE'S SEAFOOD - WHITEVILLE,107 S JK POWELL BLVD,WHITEVILLE,28472,7024010013,1 - Restaurant,93.5,A,3421
84,,,2/25/2026,DELUXE GRILL INC,862 N MAIN STREET,NORWOOD,28128,2084010557,1 - Restaurant,98.0,A,3272
59,,,2/25/2026,DOVE'S MORNING FRESH MARKET,1270 EAST COURT STREET,MARION,28752,1059020173,2 - Food Stands,99.5,A,2157
81,,,2/25/2026,DRAGON PALACE,115 RYAN DRIVE FOREST,CITY,28043,1081010832,1 - Restaurant,96.0,A,1545
66,,,2/25/2026,DUCK THRU #42,116 W. CENTRAL ST. SEABOARD,,27876,4066020059,2 - Food Stands,97.5,A,3163
36,,,2/25/2026,DUNKIN DONUTS,2165 N. CHESTER STREET GAST,ONIA,28052,2036011817,1 - Restaurant,98.0,A,2539
67,,,2/25/2026,DUNKIN DONUTS,8133 RICHLANDS HWY,RICHLANDS,28574,7067011379,1 - Restaurant,97.0,A,3213
86,,,2/25/2026,EAST COAST WINGS,692 S ANDY GRIFFITH PKWY,MOUNT AIRY,27030,3086010646,1 - Restaurant,96.0,A,1787
82,,,2/25/2026,EL JACALITO,708 SOUTHEAST BLVD,CLINTON,28328,5082010449,1 - Restaurant,92.5,A,1646
68,,,2/25/2026,EL JEFECITO RESTAURANT,4910 HILLSBOROUGH RD,DURHAM,27705,4068011172,1 - Restaurant,97.5,A,3397
18,,,2/25/2026,EL PASO,719 CONOVER BLVD,W CONOVER,28613,2018011100,1 - Restaurant,99.0,A,2031
1,,,2/25/2026,ELI'S KITCHEN,3874 E GREENSBORO CHAPEL HILL RD,SNOW CAMP,27349,3001011519,1 - Restaurant,98.0,A,1892
29,,,2/25/2026,ETHIO-INDI ALKALINE & VEGAN CUISINE,2154 SAPONI VILLAGE CT WINST,ON SALEM,27127,3029030089,3 - Mobile Food,100.0,A,3383
67,,,2/25/2026,FILIPINO PHO CUISINE,331C WESTERN BLVD,JACKSONVILLE,28546,7067011118,1 - Restaurant,99.5,A,2371
67,,,2/25/2026,FISHMONGER'S,756 OCEAN RD,HOLLY RIDGE,28445,7067011472,1 - Restaurant,92.5,A,3090
98,,,2/25/2026,FOOD LION #1194 DELI,2021 LIPSCOMB RD,. WILSON,27893,4098020315,2 - Food Stands,100.0,A,3124
98,,,2/25/2026,FOOD LION #1194 PRODUCE,2021 LIPSCOMB RD,. WILSON,27893,4098020277,2 - Food Stands,100.0,A,3124
43,,,2/25/2026,FOOD LION DELI #1344 C. H. BLVD.,119 CORNELIUS HARNETT BLVD,. LILLINGTON,27546,5043020063,2 - Food Stands,97.0,A,2708
51,,,2/25/2026,FOOD LION PRODUCE #2258,55 FORD MEADOWS DR,. GARNER,27529,4051020296,2 - Food Stands,100.0,A,1594
85,,,2/25/2026,FOOTHILLS MARTKET & GRILL,10788 NC 704 HWY,MADISON,27025,3085010191,1 - Restaurant,98.0,A,3418
1,,,2/25/2026,GRAHAM SODA SHOP AND GRILL,22 NE COURT,SQ GRAHAM,27253,3001010889,1 - Restaurant,97.0,A,2709
1,,,2/25/2026,GUERRERO MEXICAN RESTAURANT,921 S MAIN ST,GRAHAM,27253,3001010922,1 - Restaurant,96.5,A,2967
51,,,2/25/2026,HAHVAHD YAHD CAFE,202 N RAIFORD ST,SELMA,27576,4051011732,1 - Restaurant,97.5,A,1925
69,,,2/25/2026,HANDY MART 4726,13841 HWY,55 ALLIANCE,28509,6069020052,2 - Food Stands,97.5,A,1828
86,,,2/25/2026,HARDEE'S #1639,1221 W PINE ST,MOUNT AIRY,27030,3086010200,1 - Restaurant,94.0,A,3062
43,,,2/25/2026,HARVEY JOHN'S STEAKHOUSE,1501F N. RALEIGH ST,. ANGIER,27501,5043010970,1 - Restaurant,98.0,A,2708
49,,,2/25/2026,HAVANA 33,637 WILLIAMSON RD ST,E 100 MOORESVILLE,28117,2049011172,1 - Restaurant,97.5,A,3013
68,,,2/25/2026,HAWTHORNE & WOOD,3140 ENVIRON WAY,CHAPEL HILL,27517,4068011118,1 - Restaurant,100.0,A,3279
9,,,2/25/2026,HIBACHI-CHINESE,136 W BROAD ST,. ELIZABETHTOWN,28337,5009010303,1 - Restaurant,95.0,A,2002
63,,,2/25/2026,HILTON GARDEN GRILL,155 SOUTH HILL ROAD ABERD,EEN,28315,5063011120,1 - Restaurant,98.5,A,1929
53,,,2/25/2026,HOKKAIDO,1204 N HORNER BLVD SANFORD,,27330,4053010567,1 - Restaurant,90.0,A,3427
9,,,2/25/2026,HWY 41 GRILL,9068 NC HWY,41 BLADENBORO,28320,5009010440,1 - Restaurant,91.0,A,2002
98,,,2/25/2026,HWY 55: AIRPORT,3511 AIRPORT BLVD,SUITE A WILSON,27893,4098010979,1 - Restaurant,98.5,A,3124
73,,,2/25/2026,INCORRIGIBLE CAFE,44 GORDON ST,. SUITE 60 ROXBORO,27573,4073010360,1 - Restaurant,100.0,A,1712
76,,,2/25/2026,INI BURGER,6320 JORDAN ROAD,RAMSEUR,27316,3076011195,1 - Restaurant,92.5,A,3514
80,,,2/25/2026,IROCK CAFE,6245 US HWY,52 SALISBURY,28146,2080011141,1 - Restaurant,97.5,A,3207
63,,,2/25/2026,IRONWOOD CAFE,2176 MIDLAND ROAD PINEHURST,,27394,5063010728,1 - Restaurant,94.5,A,2467
10,,,2/25/2026,ISLAND EXPRESS MART,5501 E OAK ISLAND DRIVE,OAK ISLAND,28465,7010020255,2 - Food Stands,96.0,A,2078
44,,,2/25/2026,J ARTHUR'S RESTAURANT,2843 SOCO ROAD,MAGGIE VALLEY,28751,1044010006,1 - Restaurant,99.0,A,2926
45,,,2/25/2026,JANITZIO MEXICAN RESTAURANT,1053 SPARTANBURG HWY,HENDERSONVILLE,28792,1045010675,1 - Restaurant,93.5,A,3231
55,,,2/25/2026,JAPAN,354 NORTH GENERALS BOULEVARD LINCOLN,TON,28092,2055010529,1 - Restaurant,99.5,A,2914
45,,,2/25/2026,JD FAST FOOD LLC,1920 FOUR SEASONS HENDERSONVILLE,,28792,1045030272,3 - Mobile Food,95.0,A,2060
98,,,2/25/2026,JERSEY MIKE'S,2338 FOREST HILLS RD,", W WILSON",27893,4098010508,1 - Restaurant,96.5,A,2687
86,,,2/25/2026,JERSEY MIKE'S SUBS,1025 ROCKFORD STREET,SUITE 100 MOUNT AIRY,27030,3086010909,1 - Restaurant,94.0,A,1826
10,,,2/25/2026,JERSEY MIKE'S SUBS #3177,5130 SOUTHPORT SUPPLY ROAD,#108 SOUTHPORT,28461,7010011215,1 - Restaurant,97.5,A,2765
80,,,2/25/2026,KANGAROO EXPRESS,264 E MAIN ST,ROCKWELL,28138,2080020320,2 - Food Stands,97.5,A,3207
81,,,2/25/2026,KFC #G135961,131 BETHANY CHURCH RD FOREST,CITY,28043,1081010862,1 - Restaurant,97.5,A,2193
68,,,2/25/2026,KOLAPASI INDIAN CANTEEN,200 W FRANKLIN STREET,UNIT 130 CHAPEL HILL,27516,4068011294,1 - Restaurant,98.0,A,3279
10,,,2/25/2026,KOZY BEAN CAFE (THE),3280 GEORGE II HWY,SOUTHPORT,28461,7010011490,1 - Restaurant,97.0,A,2765
28,,,2/25/2026,LA FOGATA,3924 NORTH CROATON HWY,KITTY HAWK,27949,6028010236,1 - Restaurant,92.0,A,2868
28,,,2/25/2026,LA FOGATA  NAGS HEAD,4933 S CROATAN HWY,NAGS HEAD,27959,6028010589,1 - Restaurant,97.0,A,2912
79,,,2/25/2026,LA JALICIENSE 2-RESTAURANT,698 LINDEN DRIVE,UNIT 105 EDEN,27288,3079010895,1 - Restaurant,95.5,A,2571
51,,,2/25/2026,LA PENCA SABOR CASERO,266 PRITCHARD RD,. CLAYTON,27527,4051011796,1 - Restaurant,98.5,A,3033
73,,,2/25/2026,LA PIAZZA,35 ABBITT ST,. ROXBORO,27573,4073010235,1 - Restaurant,100.0,A,1712
51,,,2/25/2026,LA PIAZZA ITALIAN RESTAURANT,7277 NC HWY,42 W SUITE 215 RALEIGH,27603,4051010953,1 - Restaurant,95.5,A,2736
75,,,2/25/2026,LAS AGUILAS,1380 OZONE DRIVE,SALUDA,28773,1075010367,1 - Restaurant,98.0,A,2658
83,,,2/25/2026,LAURINBURG LANES SNACK BAR,1509 ATKINSON ST,LAURINBURG,28352,5083010320,1 - Restaurant,98.0,A,3199
82,,,2/25/2026,LOS AGAVES MEXICAN RESTAURANT AND MINI MARKET,5636 HARNETT-DUNN HWY,DUNN,28334,5082010612,1 - Restaurant,92.0,A,2221
44,,,2/25/2026,LOS AMIGOS,62 OVERBROOK STREET SUITE A WAY,NESVILLE,28786,1044010832,1 - Restaurant,99.0,A,2928
30,,,2/25/2026,LOS TORITOS MEXICAN CUISINE,5286 US HWY,158 ADVANCE,27006,3030010361,1 - Restaurant,97.0,A,3407
59,,,2/25/2026,LUCKY STRIKE  THE,11060 HWY,221 SOUTH MARION,28752,1059020040,2 - Food Stands,96.5,A,2477
76,,,2/25/2026,MAGNOLIA 23,23 S FAYETTEVILLE ST,ASHEBORO,27203,3076010805,1 - Restaurant,97.5,A,3514
50,,,2/25/2026,MAMA CHUYA,56 E MAIN STREET,SYLVA,28779,1050020143,2 - Food Stands,100.0,A,2903
50,,,2/25/2026,MAMA CHUYA,62 E SYLVA SHOPPING CENTER SYLVA,,28779,1050030054,3 - Mobile Food,98.5,A,2903
80,,,2/25/2026,MARIOS FAMILY STYLE RESTAURANT,8850 STATESVILLE BLVD,CLEVELAND,27013,2080010925,1 - Restaurant,98.0,A,3001
70,,,2/25/2026,MEADSTOWN SANDWICH SHOP,634 MEADSTOWN RD,ELIZABETH CITY,27909,6070010417,1 - Restaurant,99.0,A,3261
93,,,2/25/2026,MILANOS,107 N MAIN ST,WARRENTON,27589,4093019178,1 - Restaurant,99.0,A,3045
24,,,2/25/2026,MINUTEMAN FOOD MART #58,27157 ANDREW JACKSON HWY,E DELCO,28436,7024010782,1 - Restaurant,96.0,A,1572
28,,,2/25/2026,OBX TORILLERIA Y PANADERIA,2606 A NORTH CROATAN HWY,KILL DEVIL HILLS,27948,6028020328,2 - Food Stands,96.0,A,2463
82,,,2/25/2026,OLD STORE CAFE,721 JOHNSTON HWY,. NEWTON GROVE,28366,5082010581,1 - Restaurant,98.0,A,2221
1,,,2/25/2026,PASSION FUSION GRILL,20 SW COURT,SQUARE GRAHAM,27253,3001011529,1 - Restaurant,95.0,A,2757
85,,,2/25/2026,PINTO'S GRILL,3183 NC 704 HWY,E LAWSONVILLE,27022,3085010224,1 - Restaurant,90.0,A,2948
33,,,2/25/2026,POKEY'S,201 SAINT ANDREW STREET,TARBORO,27886,4033030103,3 - Mobile Food,100.0,A,2332
81,,,2/25/2026,POPEYE'S LOUISIANA KITCHEN #14502,121 LOWE'S BLVD. FOREST,CITY,28043,1081010887,1 - Restaurant,97.5,A,2193
1,,,2/25/2026,PRESS,133 N MAIN ST,GRAHAM,27253,3001011356,1 - Restaurant,96.0,A,2757
86,,,2/25/2026,QUALITY MART #51,287 HOLLY SPRINGS ROAD,MOUNT AIRY,27030,3086020182,2 - Food Stands,96.5,A,1826
85,,,2/25/2026,RED TOP CAFE,4963  NC 704 E SANDY RIDGE,,27046,3085010283,1 - Restaurant,97.0,A,3418
19,,,2/25/2026,REFUEL #166,10580 US HWY,64 E APEX,27523,4019021194,2 - Food Stands,98.0,A,2523
17,,,2/25/2026,RIO GRANDE MEXICAN RESTAURANT,1162 NC HWY,86 N YANCEYVILLE,27379,3017010098,1 - Restaurant,96.5,A,3332
76,,,2/25/2026,ROADWAY DAWGS 2,10935 NORTH MAIN STREET,THOMASVILLE,27263,3076030337,3 - Mobile Food,100.0,A,2569
59,,,2/25/2026,ROMA RESTAURANT,5430 HWY 70 EAST,NEBO,28761,1059010292,1 - Restaurant,99.5,A,2477
28,,,2/25/2026,SHAKAS BEACH BAR & GRILL,2217 S CROATAN HWY,NAGS HEAD,27959,6028011086,1 - Restaurant,98.0,A,2912
36,,,2/25/2026,SHRIMP BOAT ON BROAD,120 SOUTH BROAD STREET GAST,ONIA,28054,2036011643,1 - Restaurant,98.5,A,2539
28,,,2/25/2026,SHUTTERS ON THE BANKS FOOD,405 SOUTH VIRGINIA DARE TR KILL DEVIL HILLS,,27948,6028010948,1 - Restaurant,98.5,A,2463
36,,,2/25/2026,SIMONETTI'S ITALIAN,6432 WILKINSON BLVD,BELMONT,28012,2036011724,1 - Restaurant,98.0,A,3497
95,,,2/25/2026,SLEEP INN BREAKFAST BAR,163 HWY,105 EXT BOONE,28607,3095010877,1 - Restaurant,100.0,A,3484
85,,,2/25/2026,SMITH'S GROCERY AND GRILL,2294 PINE HALL RD,BELEWS CREEK,27009,3085010037,1 - Restaurant,95.0,A,2948
81,,,2/25/2026,SOUTHSIDE PIZZA,235 S POWELL ST FOREST,CITY,28043,1081010913,1 - Restaurant,95.0,A,1545
16,,,2/25/2026,STARBUCKS 48913,HARRIS TEETER 265 5000 HWY,70 SUITE 100 MOREHEAD CITY,28557,7016020236,2 - Food Stands,100.0,A,3215
83,,,2/25/2026,SUBWAY 34886,901 US HWY,401S LAURINBURG,28352,5083010332,1 - Restaurant,92.0,A,3199
95,,,2/25/2026,SUBWAY AT EXXON,1023 BLOWING ROCK RD,BOONE,28607,3095010687,1 - Restaurant,98.5,A,3484
24,,,2/25/2026,SUE'S DINER,112 MEMORY PL,AZA WHITEVILLE,28472,7024010656,1 - Restaurant,97.0,A,3057
86,,,2/25/2026,T JS  ZESTY PIZZA,1959 ROCKFORD STREET,MOUNT AIRY,27030,3086010065,1 - Restaurant,95.0,A,1787
45,,,2/25/2026,TACO BELL # 8,1819 FOUR SEASONS BLVD,. HENDERSONVILLE,28792,1045011166,1 - Restaurant,96.5,A,2313
19,,,2/25/2026,TAQUERIA EL SABOR LATINO TAG#JW5200,6105 AIRPORT RD,. BEAR CREEK,27207,4019030050,3 - Mobile Food,99.0,A,2522
79,,,2/25/2026,TAQUERIA LAS ENCHILADAS,2106 BARNES ST,REIDSVILLE,27320,3079010963,1 - Restaurant,99.0,A,2571
84,,,2/25/2026,THE BREW ROOM,175 RAY KENNEDY DR.. LOCUST,,28097,2084010605,1 - Restaurant,99.0,A,2350
84,,,2/25/2026,THE LOCAL ROOM,215 S. CENTRAL AVE. LOCUST,,28097,2084010590,1 - Restaurant,98.0,A,2350
45,,,2/25/2026,THE ROBINSON PUB AT HIGH VISTA,88 COUNTRY CLUB ROAD,MILL RIVER,28759,1045011245,1 - Restaurant,95.0,A,3231
1,,,2/25/2026,THE SMOKEHOUSE AT STEVE'S,331 W HARDEN ST,GRAHAM,27253,3001011425,1 - Restaurant,97.0,A,2709
69,,,2/25/2026,TOP DOGS & WINGS,7483 KERSHAW RD,ARAPAHOE,28510,6069030012,3 - Mobile Food,98.5,A,1828
70,,,2/25/2026,TOYAMA JAPANESE RESTAURANT,218 N POINDEXTER ST,ELIZABETH CITY,27909,6070010247,1 - Restaurant,100.0,A,3261
1,,,2/25/2026,TWIN LAKES SKILLED NUSING KITCHEN,3802 WADE COBLE DR,BURLINGTON,27215,3001011110,1 - Restaurant,99.0,A,2967
12,,,2/25/2026,VILLAGE INN PIZZA,125 BUSH DRIVE,MORGANTON,28655,1012010792,1 - Restaurant,100.0,A,3312
81,,,2/25/2026,WAGON TRACKS,2190 POORS FORD RD RUTHERFORD,TON,28139,1081010868,1 - Restaurant,99.5,A,1545
96,,,2/25/2026,WALMART 3701 DELI/BAKERY,308 W NC 55 HWY,MOUNT OLIVE,28365,6096020291,2 - Food Stands,98.5,A,3137
31,,,2/25/2026,WALMART DELI BAKERY #1352,5625 HWY,41 SOUTH WALLACE,28466,7031020104,2 - Food Stands,97.5,A,1269
39,,,2/25/2026,WENDY'S #62,900 LINDEN AVENUE OXFORD,,27565,4039010130,1 - Restaurant,96.5,A,1704
18,,,2/25/2026,WENDYS 15,1210 HWY,70 SW HICKORY,28602,2018010265,1 - Restaurant,97.0,A,2031
73,,,2/25/2026,WILDFLOWER CAFE,365 OLD DURHAM RD,ROXBORO,27573,4073010063,1 - Restaurant,100.0,A,1712
53,,,2/25/2026,WINK MART,3101 DEEP RIVER ROAD SANFORD,,27330,4053010334,1 - Restaurant,93.0,A,3427
53,,,2/25/2026,ZAXBY'S,3220 NC HWY 87 SOUTH SANFORD,,27332,4053010520,1 - Restaurant,93.5,A,3301
58,,,2/25/2026,ZAY'S PLACE,1161 KEHUKEE PARK RD WILLIAMST,ON,27892,6058010273,1 - Restaurant,100.0,A,3065
92,,,2/26/2026,41 NORTH COFFEE CO.,41 N MAIN ST,WENDELL,27591,4092017639,1 - Restaurant,98.0,A,2647
84,,,2/26/2026,5 POINTS PUBLIC HOUSE,304 E. MAIN ST,. ALBEMARLE,28001,2084010550,1 - Restaurant,98.5,A,3272
60,,,2/26/2026,550 FOODHALL,550 S TRYON ST,CHARLOTTE,28202,20600111049,1 - Restaurant,97.0,A,2883
80,,,2/26/2026,7-ELEVEN #41129J,1605 E. INNES STREET,SALISBURY,28146,2080020306,2 - Food Stands,98.0,A,3207
17,,,2/26/2026,ALL IN THE FAMILY GRILL & MINI MART,116 BROAD STREET,MILTON,27305,3017010190,1 - Restaurant,100.0,A,3332
32,,,2/26/2026,ANJAPPAR CHETTINAD - BAR & GRILL,201 E MAIN ST SUITE 150,DURHAM,27701,4032013523,1 - Restaurant,83.0,B,2503
95,,,2/26/2026,ART OF LIVING SMALL DINING HALL,988 ROCK CLIFF RD,BOONE,28607,3095010882,1 - Restaurant,100.0,A,3484
60,,,2/26/2026,ASAHI SUSHI,10920 WINDS CROSSING DR,CHARLOTTE,28273,20600110910,1 - Restaurant,96.0,A,3440
65,,,2/26/2026,ASHLEY BASEBALL/SOFTBALL CONCESSIONS,555 HALYBURTON MEMORIAL PKWY,WILMINGTON,28412,7065140540,14 - Limited Food,100.0,A,3245
65,,,2/26/2026,ASHLEY BASKETBALL & VOLLEY,555 HALYBURTON MEMORIAL PKWY,WILMINGTON,28412,7065140519,14 - Limited Food,100.0,A,3245
65,,,2/26/2026,ASHLEY FOOTBALL CONCESSION STAND,555 HALYBURTON MEMORIAL PKWY,WILMINGTON,28412,7065140533,14 - Limited Food,100.0,A,3245
60,,,2/26/2026,ASIAN MARKET DELI,4430 THE PL,AZA CHARLOTTE,28215,2060019797,1 - Restaurant,97.0,A,3000
83,,,2/26/2026,BAG PIPER RESTAURANT,1000 WEST CHURCH STREET,LAURINBURG,28352,5083010226,1 - Restaurant,95.0,A,3199
34,,,2/26/2026,BASIL LEAF THAI AND SUSHI,690 ST GEORGE SQUARE CT WINST,ON SALEM,27103,3034012103,1 - Restaurant,92.5,A,3406
79,,,2/26/2026,BAYMONT BREAKFAST,716 LINDEN DR,EDEN,27288,3079010976,1 - Restaurant,99.0,A,3197
60,,,2/26/2026,BELLE ACRES COUNTRY CLUB,3025 SOUTH BV CHARLOTTE,,28203,20600111094,1 - Restaurant,97.0,A,3439
95,,,2/26/2026,BIG BROSE'S FAMILY BBQ,929 COUNCIL WARD RD,SUGAR GROVE,28679,3095030048,3 - Mobile Food,99.0,A,3267
60,,,2/26/2026,BISONTE PIZZA CO,8133 ARDREY KELL RD ST,E 103 CHARLOTTE,28277,20600110448,1 - Restaurant,97.0,A,3119
92,,,2/26/2026,BLR BAR AND CURRY,10970 CHAPEL HILL RD,UNIT 108 MORRISVILLE,27560,4092019102,1 - Restaurant,91.5,A,3092
79,,,2/26/2026,BOB'S RESTAURANT AND CATERING,124 S MARKET STREET,MADISON,27025,3079010407,1 - Restaurant,96.0,A,2993
44,,,2/26/2026,BOCELLI'S,319 N. HAYWOOD ST WAY,NESVILLE,28786,1044010491,1 - Restaurant,97.5,A,3046
94,,,2/26/2026,BOJANGLES  #31,601 U S HWY 64 W PL,YMOUTH,27962,6094010080,1 - Restaurant,98.0,A,3065
92,,,2/26/2026,BOJANGLES # 3,1013 NEW BERN AVE,RALEIGH,27601-1605,4092010070,1 - Restaurant,99.5,A,1953
74,,,2/26/2026,BOJANGLES #12,3701 S MEMORIAL DR,GREENVILLE,27834,6074010385,1 - Restaurant,98.0,A,3064
74,,,2/26/2026,BOJANGLES #21,2001 E ARLINGTON BLVD,GREENVILLE,27858,6074010615,1 - Restaurant,96.0,A,2642
84,,,2/26/2026,BOJANGLES #766,418 WEST CHURCH ST,RICHFIELD,28137,2084010341,1 - Restaurant,94.5,A,3272
95,,,2/26/2026,BOONESHINE BREWING CO,465 INDUSTRIAL PARK DR,BOONE,28607,3095010782,1 - Restaurant,94.0,A,2287
92,,,2/26/2026,BRAVOS PIZZERIA,9 N MAIN ST,WENDELL,27591,4092016902,1 - Restaurant,98.5,A,2647
60,,,2/26/2026,BRAZILIAN EATS & TREATS,16049 JOHNSTON RD,CHARLOTTE,28277,20600110462,1 - Restaurant,96.5,A,3119
13,,,2/26/2026,BRICKHOUSE GRILL,455 CORBAN AVENUE SE CONCORD,,28025,2013010970,1 - Restaurant,99.0,A,3058
65,,,2/26/2026,BUEN DIA,5512 CASTLE HAYNE RD CAST,LE HAYNE,28429,7065012887,1 - Restaurant,99.0,A,3390
77,,,2/26/2026,BURGER KING,1201 E BROAD STREET,ROCKINGHAM,28379,5077010408,1 - Restaurant,99.5,A,1829
49,,,2/26/2026,BURGER KING #709,3102 TAYLORSVILLE HWY ST,ATESVILLE,28677,2049011180,1 - Restaurant,98.5,A,2586
67,,,2/26/2026,CAINO'S BBQ AT THE RED BARN,249 SHELL ROCK LANDING RD,HUBERT,28539,7067011145,1 - Restaurant,98.0,A,3165
44,,,2/26/2026,CANELO'S MEXICAN FAMILY RESTAURANT,15 PLAZA LOOP ROAD,CANTON,28716,1044010636,1 - Restaurant,97.0,A,2643
81,,,2/26/2026,CANOE KITCHEN AND BAR,454 MEMORIAL  HWY,LAKE LURE,28746,1081010912,1 - Restaurant,99.5,A,1545
92,,,2/26/2026,CAPTAIN JOHN'S SEAFOOD,308 SOUTHTOWN CIRCLE,ROLESVILE,27571,4092019868,1 - Restaurant,97.5,A,2917
31,,,2/26/2026,"CARL WAYNE'S BBQ, CATERING & MORE",2691 S NC 41 50 HWY,CHINQUAPIN,28521,7031010682,1 - Restaurant,98.5,A,1538
65,,,2/26/2026,CASEYS BUFFET,5559 OLEANDER DR,WILMINGTON,28403,7065011485,1 - Restaurant,92.0,A,3390
36,,,2/26/2026,CHEDDAR'S SCRATCH KITCHEN,2051 EAST FRANKLIN BLVD. GAST,ONIA,28054,2036011634,1 - Restaurant,97.5,A,2834
17,,,2/26/2026,CHEF OB'S CATERING & MORE LLC,238 BROAD ST,MILTON,27305,3017020030,2 - Food Stands,100.0,A,3332
18,,,2/26/2026,CHICK FIL A #03579 N CENTER ST,1239 2ND ST,NE HICKORY,28601,2018011378,1 - Restaurant,99.5,A,2031
34,,,2/26/2026,CHICK-FIL-A #00633,391 KNOLLWOOD ST WINST,ON SALEM,27103,3034012883,1 - Restaurant,99.5,A,3391
74,,,2/26/2026,CHICK-FIL-A #02791,4239 WINTERVILLE PARKWAY,WINTERVILLE,28590,6074011316,1 - Restaurant,97.5,A,3064
28,,,2/26/2026,CHILLI PEPPER,3001 N CROATAN HWY,KILL DEVIL HILLS,27948,6028010228,1 - Restaurant,97.0,A,2912
92,,,2/26/2026,CHIPOTLE MEXICAN GRILL #1087,100-103 WRENN DR,CARY,27511,4092015050,1 - Restaurant,96.5,A,2895
34,,,2/26/2026,CHOPSTIX,4424 WALLBURG LANDING DRIVE WINST,ON SALEM,27107,3034012233,1 - Restaurant,93.0,A,3471
41,,,2/26/2026,CHRISTINA GRAYS,1108 N MAIN STREET,HIGH POINT,27262,3041014002,1 - Restaurant,93.5,A,2964
91,,,2/26/2026,COLLEGE STATION,2840 US#158 BYPASS HENDERSON,,27537,4091010528,1 - Restaurant,96.5,A,1754
25,,,2/26/2026,COW CAFE,319 MIDDLE STREET,NEW BERN,28560,6025010646,1 - Restaurant,96.0,A,3461
34,,,2/26/2026,CREEKSIDE TERRACE,3895 OLD VINEYARD ROAD WINST,ON SALEM,27104,3034012777,1 - Restaurant,91.0,A,2795
25,,,2/26/2026,CREMA BREW,914 BROAD STREET,NEW BERN,28560,6025011071,1 - Restaurant,99.0,A,2985
25,,,2/26/2026,CYPRESS HALL,219 MIDDLE STREET,NEW BERN,28560,6025011066,1 - Restaurant,99.0,A,3467
74,,,2/26/2026,DIXIE QUEEN,2659 MILL ST,WINTERVILLE,28590,6074010047,1 - Restaurant,98.5,A,3064
50,,,2/26/2026,DOMINO'S CHEROKEE #7488,16 CHEROKEE CROSSING RD,WHITTIER,28789,1050020126,2 - Food Stands,99.0,A,3522
26,,,2/26/2026,DOMINO'S PIZZA,5100 NC 87 SOUTH SUITE 102 FAYETTEVILLE,,28306,5026022400,2 - Food Stands,95.5,A,3110
97,,,2/26/2026,DOOLEY'S,102 EAST MAIN STREET,WILKESBORO,28697,3097010524,1 - Restaurant,99.0,A,3443
92,,,2/26/2026,DUCK DONUTS,100 WRENN DR ST,E #101 CARY,27511,4092016844,1 - Restaurant,99.5,A,2895
66,,,2/26/2026,DUCK THRU #7,117 N MAIN ST,RICH SQUARE,27869,4066010074,1 - Restaurant,100.0,A,3163
80,,,2/26/2026,DUNKIN BASKIN ROBBINS,1009 E INNES ST,SALISBURY,28144,2080011100,1 - Restaurant,99.0,A,3207
16,,,2/26/2026,DUNKIN DONUTS,5208 HWY 70 WEST SUITE A,MOREHEAD CITY,28557,7016010824,1 - Restaurant,100.0,A,3388
32,,,2/26/2026,DURHAM CO OP MEAT,1111 WEST CHAPEL HILL ST,DURHAM,27701,4032021304,2 - Food Stands,97.0,A,3469
74,,,2/26/2026,EC PHO VIETNAMESE NOODLE HOUSE,109 SE #100 GREENVILLE BLVD,. GREENVILLE,27858,6074011581,1 - Restaurant,90.0,A,3183
24,,,2/26/2026,ED'S GRILL,724 S MADISON ST,WHITEVILLE,28472,7024010131,1 - Restaurant,98.5,A,3421
92,,,2/26/2026,EDIBLE ARRANGEMENTS #391,944 GATEWAY COMMONS  CIR WAKE FOREST,,27587,4092021638,2 - Food Stands,99.5,A,2293
8,,,2/26/2026,ELLAS CAFE,448 HWY,13 NORTH WINDSOR,27983,6008010103,1 - Restaurant,94.5,A,3382
68,,,2/26/2026,FOOD LION DELI MEAT MARKET AND PRODUCE 2564,101 N SCOTSWOOD BLVD,HILLSBOROUGH,27278,4068020342,2 - Food Stands,98.5,A,3397
25,,,2/26/2026,FOOD LION PRODUCE #1368,3307 MLK BLVD,NEW BERN,28562,6025020187,2 - Food Stands,100.0,A,2985
79,,,2/26/2026,FREEWAY DINING ROOM,1147 FREEWAY DRIVE,REIDSVILLE,27320,3079010877,1 - Restaurant,99.0,A,2571
25,,,2/26/2026,FRIDAYS  1890 SEAFOOD OF NEW B,2307 NEUSE BLVD,NEW BERN,28560,6025010041,1 - Restaurant,93.0,A,3290
13,,,2/26/2026,FRUITFUL CATERING,270 COPPERFIELD  BLVD CONCORD,,28025,2013020352,2 - Food Stands,97.0,A,2360
34,,,2/26/2026,FULL MOON OYSTER BAR,1473 RIVER RIDGE ROAD,CLEMMONS,27012,3034011536,1 - Restaurant,96.5,A,3406
55,,,2/26/2026,GIOVANNIS PIZZA & PASTA,3738 HWY,16 N DENVER,28037,2055010335,1 - Restaurant,99.5,A,2914
77,,,2/26/2026,GODFATHER'S PIZZA,1010 EAST BROAD AVE,ROCKINGHAM,28379,5077010414,1 - Restaurant,99.0,A,3036
54,,,2/26/2026,GOLDEN CHINA BUFFET,4147 W VERNON AVE KINST,ON,28504,6054010395,1 - Restaurant,92.5,A,3511
55,,,2/26/2026,GUILTIES AT VERDICT RIDGE,7332 KIDVILLE RD,. DENVER,28037,2055010184,1 - Restaurant,100.0,A,2914
26,,,2/26/2026,HABIBI GRILL & BAKERY,2724 BRAGG BLVD,FAYETTEVILLE,28303,5026013961,1 - Restaurant,95.5,A,3256
56,,,2/26/2026,HARDEE S,710 EAST MAIN STREET,FRANKLIN,28734,1056010350,1 - Restaurant,97.5,A,3385
65,,,2/26/2026,HARDEES #1329,5601 CASTLE HAYNE RD CAST,LE HAYNE,28429,7065010109,1 - Restaurant,97.5,A,3390
26,,,2/26/2026,HIBACHI EXPRESS,2314 PAINTERS MILL DR,. SUITE 101 FAYETTEVILLE,28304,5026013509,1 - Restaurant,97.0,A,3288
67,,,2/26/2026,HOKKAIDO RAMEN & SUSHI,1240 NC HWY,210 UNIT 1-D SNEADS FERRY,28460,7067011465,1 - Restaurant,92.0,A,3090
56,,,2/26/2026,HOT TACO EXPRESS,555 DEPOT STREET,FRANKLIN,28734,1056030044,3 - Mobile Food,97.0,A,2997
76,,,2/26/2026,HURRICANE JANE'S,161 S. GREENSBORO STREET,LIBERTY,27298,3076011025,1 - Restaurant,99.5,A,2569
32,,,2/26/2026,IHOP,1821 N POINTE DR,DURHAM,27705,4032013343,1 - Restaurant,88.5,B,3367
55,,,2/26/2026,INGLES PRODUCE #148,2130 EAST MAIN STREET LINCOLN,TON,28092,2055020180,2 - Food Stands,100.0,A,3098
24,,,2/26/2026,IVY'S CAFE,6 WHITEVILLE MINI MALL WHITEVILLE,,28472,7024010320,1 - Restaurant,95.5,A,3057
28,,,2/26/2026,JACK BROWN'S,800 S VIRGINIA DARE TRAIL,KILL DEVIL HILLS,27948,6028010959,1 - Restaurant,98.0,A,2912
34,,,2/26/2026,JADE GARDEN,2201 OLD LEXINGTON RD WINST,ON SALEM,27107,3034012382,1 - Restaurant,97.5,A,2848
45,,,2/26/2026,JIMMY JOHN'S,638 SPARTANBURG HWY ST,E. 80 HENDERSONVILLE,28792,1045010897,1 - Restaurant,98.0,A,2313
9,,,2/26/2026,KENTUCKY FRIED CHICKEN,301 SOUTH POPLAR STREET,ELIZABETHTOWN,28337,5009010433,1 - Restaurant,91.5,A,2002
53,,,2/26/2026,KENTUCKY FRIED CHICKEN,704 S HORNER BLVD SANFORD,,27330,4053010658,1 - Restaurant,88.5,B,3427
32,,,2/26/2026,KINYA RAMEN SUSHI BAR,202 NC 54 HWY,SUITE 506 DURHAM,27713,4032013157,1 - Restaurant,96.5,A,3052
47,,,2/26/2026,LA ISLA CAFE,504 E CENTRAL AVE RAEFORD,,28376,5047010275,1 - Restaurant,99.5,A,1149
29,,,2/26/2026,LA PLAZITA,702 E. MAIN STREET,THOMASVILLE,27360,3029030146,3 - Mobile Food,99.0,A,3530
74,,,2/26/2026,LAM'S GARDEN,3124 E 10TH ST,GREENVILLE,27858,6074011899,1 - Restaurant,87.5,B,2642
81,,,2/26/2026,LASTRADA AT LAKE LURE,2693 MEMORIAL HWY,LAKE LURE,28746,1081010500,1 - Restaurant,96.0,A,1545
5,,,2/26/2026,LIAR'S BENCH,144 S. BIG HORSE CREEK RD,LANSING,28643,3005010374,1 - Restaurant,94.5,A,2448
32,,,2/26/2026,LITTLE BULL,810 N MANGUM ST,DURHAM,27701,4032013548,1 - Restaurant,98.5,A,3547
1,,,2/26/2026,LOS DOS COMPADRES MEXICAN RESTAURANT,2085 NC HWY,87 N ELON,27244,3001011114,1 - Restaurant,99.0,A,1589
80,,,2/26/2026,LOS GUERREROS MEXICAN RESTAURANT,11737 STATESVILLE BLVD,CLEVELAND,27013,2080011131,1 - Restaurant,99.0,A,3001
34,,,2/26/2026,MAW MAW'S MARKET,650 GRALIN ST,KERNERSVILLE,27284,3034012375,1 - Restaurant,96.0,A,2543
26,,,2/26/2026,MI CASITA,7711 RAEFORD ROAD,FAYETTEVILLE,28314,5026012291,1 - Restaurant,92.0,A,3473
81,,,2/26/2026,MI PUEBLITO,139 S. WASHINGTON ST RUTHERFORD,TON,28139,1081010714,1 - Restaurant,98.5,A,2193
63,,,2/26/2026,NO. 1 CHINA,444 MILL CREEK ROAD,#C CARTHAGE,28327,5063010993,1 - Restaurant,92.5,A,2750
36,,,2/26/2026,OLIVE GARDEN #1683,432 COX RD GAST,ONIA,28054,2036011099,1 - Restaurant,98.0,A,2539
18,,,2/26/2026,OLIVE GARDEN 1407,2261 HWY,70 SE HICKORY,28602,2018010404,1 - Restaurant,98.0,A,1654
98,,,2/26/2026,OLIVE GARDEN 1855,3401 RALEIGH ROAD PARKWAY,WILSON,27896,4098010697,1 - Restaurant,99.5,A,3124
16,,,2/26/2026,PANERA BREAD #1653,5176 HWY,70 MOREHEAD CITY,28557,7016010917,1 - Restaurant,99.0,A,3388
25,,,2/26/2026,PANERA BREAD BAKERY CAFE #1792,2997 DR. MLK JR. BLVD,NEW BERN,28562,6025010955,1 - Restaurant,96.5,A,2985
25,,,2/26/2026,PAULA'S PIZZA,3946 MLK JR BLVD,NEW BERN,28562,6025011039,1 - Restaurant,98.0,A,3461
54,,,2/26/2026,PEACH HOUSE RESTAURANT,207C AIRPORT RD KINST,ON,28504,6054010801,1 - Restaurant,98.0,A,3511
74,,,2/26/2026,PEADEN'S,2399 N. MEMORIAL DRIVE,GREENVILLE,27834,6074011287,1 - Restaurant,92.5,A,3185
31,,,2/26/2026,PEGGY'S KITCHEN TABLE,138 KENANSVILLE HWY,WARSAW,28398,7031030094,3 - Mobile Food,97.5,A,3282
58,,,2/26/2026,PEKING RESTAURANT ALLAN,319 EAST BLVD WILLIAMST,ON,27892,6058010271,1 - Restaurant,99.5,A,3065
63,,,2/26/2026,PIK N PIG (THE),194 GILLIAM-MCCONNELL RD,CARTHAGE,28327,5063011139,1 - Restaurant,95.0,A,2810
63,,,2/26/2026,PINE CREST INN DINING ROOM,50 DOGWOOD ROAD PINEHURST,,28374,5063010084,1 - Restaurant,97.0,A,2810
65,,,2/26/2026,PORTERS NECK COUNTRY CLUB,8403 VINTAGE CLUB DR,WILMINGTON,28411,7065013155,1 - Restaurant,97.5,A,2910
36,,,2/26/2026,QDOBA MEXCIAN EATS,401 COX RD SUITE 182 GAST,ONIA,28054,2036011142,1 - Restaurant,98.0,A,2539
13,,,2/26/2026,QUEEN'S WINGS,844 KATHRYN  DR CONCORD,,28025,2013030075,3 - Mobile Food,97.0,A,3237
13,,,2/26/2026,R & R BARBEQUE,755 PITTS SCHOOL RD CONCORD,,28027,2013010606,1 - Restaurant,98.0,A,2123
76,,,2/26/2026,SAMMY'S GRILL,126 MAIN STREET ST,ALEY,27355,3076020188,2 - Food Stands,99.0,A,2569
53,,,2/26/2026,SAN FELIPE MEXICAN RESTAURANT,2234 JEFFERSON DAVIS HWY SANFORD,,27330,4053010452,1 - Restaurant,94.0,A,3091
9,,,2/26/2026,SAN JOSE,1320 W BROAD ST,ELIZABETHTOWN,28337,5009010259,1 - Restaurant,93.5,A,2002
82,,,2/26/2026,SANDPIPER'S OASIS,1370 HOBBTON HWY,CLINTON,28328,5082010081,1 - Restaurant,95.0,A,2221
41,,,2/26/2026,SBARRO,"410 FOUR SEASON TOWN CENTRE, SPACE 3500 GREENSBORO",,27407,3041021360,2 - Food Stands,99.0,A,3510
58,,,2/26/2026,SHAMROCK RESTAURANT,101 W BLVD WILLIAMST,ON,27892,6058010148,1 - Restaurant,95.0,A,3065
74,,,2/26/2026,SMITTY'S,4763 NC  11 N. BETHEL,,27812,6074011330,1 - Restaurant,95.0,A,3185
51,,,2/26/2026,SNEADBOYS ON WHEELS FOOD TRUCK,98 SNOWBERRY LANE,SMITHFIELD,27577,4051032080,3 - Mobile Food,96.5,A,1848
83,,,2/26/2026,SPEEDWAY #1,1205 WEST CHURCH ST,LAURINBURG,28352,5083020074,2 - Food Stands,96.0,A,3199
51,,,2/26/2026,SPEEDWAY #6985,5170 NC HWY,42 GARNER,27529,4051020227,2 - Food Stands,97.5,A,2736
95,,,2/26/2026,SPEEDWAY 7921,2702 NC HIGHWAY,105 BOONE,28607,3095020026,2 - Food Stands,97.0,A,3484
69,,,2/26/2026,SPEEDWAY 8262,10816 NC HWY,55 GRANTSBORO,28529,6069020041,2 - Food Stands,94.0,A,1828
68,,,2/26/2026,SPEEDWAY LLC,1213 MLK BLVD,CHAPEL HILL,27514,4068010160,1 - Restaurant,96.5,A,3279
25,,,2/26/2026,SPUNKY MCDOOGLES,1908-H SOUTH GLENBURNIE ROAD,NEW BERN,28560,6025010633,1 - Restaurant,94.5,A,3290
82,,,2/26/2026,STARBUCKS COFFEE COMPANY,1285 A SUNSET AVENUE,CLINTON,28328,5082010607,1 - Restaurant,98.5,A,3027
55,,,2/26/2026,STARBUCKS INGLES #148,2130 E MAIN ST LINCOLN,TON,28092,2055010459,1 - Restaurant,100.0,A,3098
89,,,2/26/2026,STICK BURNIN' BBQ,203 MAIN ST,. COLUMBIA,27925,6089010063,1 - Restaurant,98.5,A,1446
29,,,2/26/2026,SUBWAY #43764,268 LOWES BLVD,LEXINGTON,27292,3029011035,1 - Restaurant,96.0,A,3383
10,,,2/26/2026,SUNNY POINT C STORE,4388 GEORGE II HWY,SOUTHPORT,28461,7010011408,1 - Restaurant,90.5,A,2765
45,,,2/26/2026,SUNNYBROOK FOOD SERVICE (ASST. LIVING),306 SPRING ST,. HENDERSONVILLE,28739,1045010476,1 - Restaurant,95.0,A,2313
36,,,2/26/2026,TAQUERIA SAZON DE MI TIERRA--MFU,514 LINWOOD RD GAST,ONIA,28052,2036031997,3 - Mobile Food,99.0,A,3497
63,,,2/26/2026,TASTE OF CHINA,3361 US HWY,1 VASS,28394,5063010815,1 - Restaurant,90.0,A,3255
76,,,2/26/2026,TBMNC 802 CAFE,4857 DOGWOOD LANE,BUILDING 802 LIBERTY,27298,3076011196,1 - Restaurant,97.0,A,2569
13,,,2/26/2026,THE EATERY,165 BRUMLEY AVE NE CONCORD,,28025,2013020539,2 - Food Stands,90.0,A,2123
36,,,2/26/2026,THE GOOD FOOD TRUCK,514 LINWOOD RD GAST,ONIA,28052,2036032025,3 - Mobile Food,97.0,A,2845
31,,,2/26/2026,THE LUNCH BOX,1752 LYMAN RD,. CHINQUAPIN,28521,7031030095,3 - Mobile Food,98.0,A,3282
67,,,2/26/2026,THE SPOT FLORIDA STYLE SEAFOOD,215 WESTERN BLVD,SUITE 400 JACKSONVILLE,28541,7067011446,1 - Restaurant,99.0,A,2371
63,,,2/26/2026,THYME AND PLACE CATERING/COMMISSARY,515 SE BROAD STREET,SOUTHERN PINES,28387,5063023020,2 - Food Stands,100.0,A,2922
13,,,2/26/2026,TUTTI'S ITALIAN MARKET AND DELI,235 CABARRUS  AVE E CONCORD,,28025,2013011512,1 - Restaurant,96.0,A,3237
36,,,2/26/2026,TWIN TOPS,4574 S. NEW HOPE ROAD GAST,ONIA,28056,2036011786,1 - Restaurant,98.0,A,2834
63,,,2/26/2026,VALENTIS ITALIAN RESTAURANT,411 U S HWY,1 VASS,28394,5063010339,1 - Restaurant,97.0,A,3255
45,,,2/26/2026,VINTNERS TABLE,2695 SUGARLOAF ROAD,HENDERSONVILLE,28792,1045011140,1 - Restaurant,95.0,A,3231
13,,,2/26/2026,WASABI CAFE,845 CHURCH ST. N SUITE 202 CONCORD,,28025,2013010738,1 - Restaurant,91.5,A,3058
44,,,2/26/2026,WAYLON AND HONEY,1092 NORTH MAIN STREET WAY,NESVILLE,28786,1044010632,1 - Restaurant,96.5,A,2643
44,,,2/26/2026,WAYNESVILLE PIZZA COMPANY,32 FELMET ST SUITE 1 WAY,NESVILLE,28786,1044010756,1 - Restaurant,98.5,A,2928
10,,,2/26/2026,WENDY'S #12060,5140 SOUTHPORT SUPPLY RD,SE SOUTHPORT,28461,7010011286,1 - Restaurant,93.5,A,2765
18,,,2/26/2026,WENDY'S #81 VIEWMONT,1311 2ND ST,NE HICKORY,28601,2018011495,1 - Restaurant,98.0,A,2031
24,,,2/26/2026,WENDYS,311 WASHINGTON ST,WHITEVILLE,28472,7024010185,1 - Restaurant,98.0,A,3057
68,,,2/26/2026,WINGS OVER CHAPEL HILL,313 E MAIN ST,CARRBORO,27510,4068020201,2 - Food Stands,97.5,A,3279
3,,,2/3/2026,ANTOJITOS QUERETARO,665 SOUTH MAIN STREET,SUITE 100 SPARTA,28675,3003010230,1 - Restaurant,94.5,A,3502
6,,,2/4/2026,BANNER ELK LODGE,119 CENTRAL WAY,BANNER ELK,28604,1006010120,1 - Restaurant,96.0,A,3468
22,,,2/4/2026,FAT DOG SPORTS BAR & GRILL,82 MAIN STREET,HAYESVILLE,28904,1022010144,1 - Restaurant,98.0,A,1549
3,,,2/4/2026,SPARTA EXXON,129 N. MAIN STREET,SPARTA,28675,3003010218,1 - Restaurant,99.0,A,3502
6,,,2/5/2026,BIG MIKE'S COFFEE SHOP,6333 PINEOLA ST,NEWLAND,28657,1006010329,1 - Restaurant,96.5,A,3468
62,,,2/5/2026,D&D EXPRESS #2,515 E. MAIN ST,. CANDOR,27229,5062010339,1 - Restaurant,98.0,A,2734
22,,,2/5/2026,MOUNTAIN HARBOUR GRILL,1665 MOUNTAIN HARBOUR DRIVE,HAYESVILLE,28904,1022010139,1 - Restaurant,100.0,A,1549
94,,,2/6/2026,BEULAH LAND MANNA ROOM,103 WASHINGTON ST PL,YMOUTH,27962,6094010157,1 - Restaurant,100.0,A,3065
61,,,2/6/2026,HEFS,89 LOCUST AVE,. SPRUCE PINE,28777,1061010145,1 - Restaurant,97.5,A,3468
72,,,2/6/2026,MING HING,315 OCEAN HWY S HERTFORD,,27944,6072010107,1 - Restaurant,97.0,A,3261
62,,,2/9/2026,BOJANGLES OF BISCOE #861,515 EAST MAIN STREET/HWY,24/27 BISCOE,27209,5062010224,1 - Restaurant,96.5,A,2734
72,,,2/9/2026,DUCK-THRU FOOD STORE #41,964 OCEAN HWY SOUTH HERTFORD,,27944,6072010105,1 - Restaurant,97.0,A,3261
94,,,2/9/2026,DUNKIN' DONUTS,433 US HWY 64 PL,YMOUTH,27962,6094010158,1 - Restaurant,100.0,A,3065
22,,,2/9/2026,EPIC CATERING AND EATERY,714 US 69 SUITE A HAYESVILLE,,28904,1022010131,1 - Restaurant,99.0,A,1549
89,,,2/9/2026,"THE DEPOT, INC.",412 SCUPPERNONG DR,. COLUMBIA,27925,6089010061,1 - Restaurant,100.0,A,1446
20,,,4/19/2010,MONTE ALBAN-MURPHY,861 U S HWY,64 W MURPHY,28906,1020010106,1 - Restaurant,98.5,A,2104
20,,,4/20/2010,CAPTAIN D'S,580 US 64 WEST,MURPHY,28906,1020010190,1 - Restaurant,99.5,A,2104
